time,freq,dur,vel,name,hand
0.031029,164.813778,0.615677,0.582677,E3,left
0.060425,82.406889,0.331518,0.543307,E2,left
0.060425,415.304698,0.360914,0.574803,G#4,right
0.207403,622.253967,0.439303,0.503937,D#5,right
0.391943,207.652349,0.351116,0.527559,G#3,left
0.391943,246.941651,0.287425,0.551181,B3,left
0.391943,311.126984,0.287425,0.551181,D#4,right
0.421339,415.304698,0.609145,0.527559,G#4,right
0.743058,207.652349,0.383777,0.519685,G#3,left
0.743058,246.941651,0.256396,0.551181,B3,left
0.743058,311.126984,0.256396,0.559055,D#4,right
1.094174,554.365262,0.449101,0.543307,C#5,right
1.126836,164.813778,0.191072,0.535433,E3,left
1.126836,369.994423,0.416439,0.519685,F#4,right
1.285246,207.652349,0.352749,0.511811,G#3,left
1.285246,246.941651,0.258029,0.543307,B3,left
1.285246,311.126984,0.258029,0.543307,D#4,right
1.669024,164.813778,0.161676,0.543307,E3,left
1.830700,207.652349,0.352749,0.519685,G#3,left
1.830700,246.941651,0.287425,0.543307,B3,left
1.830700,311.126984,0.287425,0.551181,D#4,right
2.183449,207.652349,0.383777,0.503937,G#3,left
2.183449,246.941651,0.349482,0.535433,B3,left
2.214477,311.126984,0.318454,0.535433,D#4,right
2.532931,246.941651,0.418072,0.551181,B3,left
2.532931,311.126984,0.992922,0.543307,D#4,right
2.567226,164.813778,0.349482,0.511811,E3,left
2.567226,207.652349,0.349482,0.503937,G#3,left
2.885680,103.826174,0.352749,0.527559,G#2,left
2.916708,207.652349,0.352749,0.543307,G#3,left
3.238428,246.941651,0.287425,0.535433,B3,left
3.269457,155.563492,0.256396,0.488189,D#3,left
3.269457,207.652349,0.256396,0.527559,G#3,left
3.269457,415.304698,0.383777,0.527559,G#4,right
3.269457,622.253967,0.063691,0.535433,D#5,right
3.622206,155.563492,0.256396,0.496063,D#3,left
3.622206,246.941651,0.256396,0.535433,B3,left
3.622206,622.253967,0.256396,0.535433,D#5,right
3.653235,415.304698,0.321720,0.527559,G#4,right
3.974954,103.826174,0.287425,0.472441,G#2,left
3.974954,554.365262,0.223734,0.511811,C#5,right
4.038645,369.994423,0.223734,0.472441,F#4,right
4.167660,155.563492,0.285792,0.503937,D#3,left
4.167660,246.941651,0.285792,0.535433,B3,left
4.167660,622.253967,0.254763,0.535433,D#5,right
4.198688,415.304698,0.449101,0.511811,G#4,right
4.551437,103.826174,0.253130,0.511811,G#2,left
4.709847,155.563492,0.280892,0.511811,D#3,left
4.709847,246.941651,0.342950,0.543307,B3,left
5.052797,155.563492,0.280892,0.527559,D#3,left
5.052797,207.652349,0.373979,0.527559,G#3,left
5.052797,246.941651,0.373979,0.535433,B3,left
5.426776,155.563492,0.352749,0.503937,D#3,left
5.426776,207.652349,0.516058,0.519685,G#3,left
5.426776,246.941651,0.516058,0.519685,B3,left
5.426776,415.304698,1.321174,0.559055,G#4,right
5.779525,164.813778,0.195971,0.566929,E3,left
5.975496,164.813778,0.166576,0.496063,E3,left
6.142072,207.652349,0.285792,0.503937,G#3,left
6.142072,246.941651,0.254763,0.519685,B3,left
6.142072,311.126984,0.349482,0.543307,D#4,right
6.491554,207.652349,0.289058,0.511811,G#3,left
6.491554,246.941651,0.256396,0.551181,B3,left
6.491554,311.126984,0.416439,0.551181,D#4,right
6.844303,554.365262,0.512792,0.543307,C#5,right
6.875332,164.813778,0.225367,0.519685,E3,left
6.875332,369.994423,0.416439,0.511811,F#4,right
7.037008,207.652349,0.320087,0.511811,G#3,left
7.037008,311.126984,0.320087,0.535433,D#4,right
7.420786,164.813778,0.223734,0.543307,E3,left
7.580829,207.652349,0.383777,0.503937,G#3,left
7.580829,246.941651,0.351116,0.527559,B3,left
7.580829,311.126984,0.351116,0.543307,D#4,right
7.773534,415.304698,0.158410,0.559055,G#4,right
7.931945,246.941651,0.352749,0.527559,B3,left
7.931945,311.126984,0.385411,0.519685,D#4,right
7.931945,415.304698,0.576483,0.535433,G#4,right
7.964607,207.652349,0.320087,0.488189,G#3,left
8.284693,207.652349,0.736526,0.488189,G#3,left
8.284693,246.941651,0.416439,0.551181,B3,left
8.317355,164.813778,0.383777,0.503937,E3,left
8.317355,311.126984,0.956994,0.535433,D#4,right
8.508427,415.304698,1.110505,0.551181,G#4,right
8.668471,103.826174,0.289058,0.527559,G#2,left
9.021219,155.563492,0.253130,0.503937,D#3,left
9.021219,207.652349,0.347849,0.503937,G#3,left
9.021219,246.941651,0.282526,0.527559,B3,left
9.179630,622.253967,0.470331,0.503937,D#5,right
9.369069,155.563492,0.280892,0.496063,D#3,left
9.369069,207.652349,0.537288,0.511811,G#3,left
9.369069,246.941651,0.249864,0.527559,B3,left
9.555242,466.163762,0.736526,0.503937,A#4,right
9.747947,103.826174,0.094720,0.551181,G#2,left
9.906357,155.563492,0.191072,0.472441,D#3,left
10.097429,82.406889,0.320087,0.527559,E2,left
10.097429,164.813778,0.578116,0.527559,E3,left
10.097429,554.365262,0.225367,0.551181,C#5,right
10.259106,622.253967,0.416439,0.511811,D#5,right
10.450178,207.652349,0.352749,0.503937,G#3,left
10.450178,246.941651,0.256396,0.551181,B3,left
10.450178,311.126984,0.256396,0.559055,D#4,right
10.611854,932.327523,0.094720,0.503937,A#5,right
10.802926,207.652349,0.320087,0.488189,G#3,left
10.802926,246.941651,0.256396,0.535433,B3,left
10.833955,311.126984,0.256396,0.527559,D#4,right
10.833955,554.365262,0.161676,0.535433,C#5,right
10.962970,622.253967,0.287425,0.488189,D#5,right
11.154042,830.609395,0.289058,0.488189,G#5,right
11.186704,164.813778,0.161676,0.527559,E3,left
11.348380,207.652349,0.349482,0.496063,G#3,left
11.348380,246.941651,0.254763,0.527559,B3,left
11.348380,311.126984,0.254763,0.551181,D#4,right
11.348380,932.327523,0.094720,0.511811,A#5,right
0.009799,554.365262,0.191072,0.488189,C#5,right
0.200871,164.813778,0.192705,0.527559,E3,left
0.200871,622.253967,0.416439,0.433071,D#5,right
0.393576,207.652349,0.352749,0.511811,G#3,left
0.393576,246.941651,0.352749,0.527559,B3,left
0.393576,311.126984,0.352749,0.543307,D#4,right
0.553619,932.327523,0.097986,0.480315,A#5,right
0.746325,207.652349,0.352749,0.480315,G#3,left
0.746325,246.941651,0.352749,0.535433,B3,left
0.746325,311.126984,0.289058,0.535433,D#4,right
0.904735,622.253967,0.130648,0.472441,D#5,right
1.099073,164.813778,0.414806,0.511811,E3,left
1.099073,207.652349,0.736526,0.496063,G#3,left
1.099073,246.941651,0.447468,0.543307,B3,left
1.099073,311.126984,0.414806,0.535433,D#4,right
1.257483,932.327523,0.225367,0.464567,A#5,right
1.450189,554.365262,0.254763,0.543307,C#5,right
1.482851,103.826174,0.318454,0.527559,G#2,left
1.641261,622.253967,0.385411,0.511811,D#5,right
1.801304,246.941651,0.287425,0.527559,B3,left
1.835599,155.563492,0.285792,0.503937,D#3,left
1.835599,207.652349,0.349482,0.519685,G#3,left
1.835599,830.609395,0.222101,0.527559,G#5,right
1.994010,932.327523,0.127381,0.511811,A#5,right
2.185082,207.652349,0.971692,0.519685,G#3,left
2.185082,246.941651,0.256396,0.535433,B3,left
2.185082,554.365262,0.161676,0.535433,C#5,right
2.216111,155.563492,0.258029,0.480315,D#3,left
2.377787,622.253967,0.191072,0.488189,D#5,right
2.537830,830.609395,0.422972,0.472441,G#5,right
2.568859,103.826174,0.230266,0.496063,G#2,left
2.699507,932.327523,0.164943,0.511811,A#5,right
2.732169,155.563492,0.424605,0.503937,D#3,left
2.732169,246.941651,0.262928,0.519685,B3,left
2.895478,554.365262,0.292324,0.480315,C#5,right
3.124112,103.826174,0.191072,0.511811,G#2,left
3.251493,155.563492,0.383777,0.503937,D#3,left
3.251493,207.652349,0.383777,0.527559,G#3,left
3.251493,246.941651,0.383777,0.535433,B3,left
3.444198,932.327523,0.160043,0.472441,A#5,right
3.635270,155.563492,0.352749,0.527559,D#3,left
3.635270,207.652349,0.352749,0.511811,G#3,left
3.635270,246.941651,0.352749,0.527559,B3,left
3.795314,622.253967,0.414806,0.464567,D#5,right
3.988019,155.563492,0.383777,0.519685,D#3,left
3.988019,207.652349,0.703864,0.527559,G#3,left
3.988019,246.941651,0.447468,0.527559,B3,left
4.146429,932.327523,0.194338,0.456693,A#5,right
4.340768,82.406889,0.449101,0.496063,E2,left
4.340768,164.813778,0.609145,0.535433,E3,left
4.340768,466.163762,0.254763,0.519685,A#4,right
4.340768,932.327523,0.643440,0.551181,A#5,right
4.531840,622.253967,0.452367,0.503937,D#5,right
4.691883,207.652349,0.393576,0.503937,G#3,left
4.691883,246.941651,0.292324,0.543307,B3,left
4.691883,311.126984,0.292324,0.551181,D#4,right
5.085459,207.652349,0.385411,0.488189,G#3,left
5.085459,246.941651,0.254763,0.535433,B3,left
5.403913,987.766603,0.576483,0.559055,B5,right
5.598251,207.652349,1.077843,0.503937,G#3,left
5.598251,246.941651,1.268915,0.535433,B3,left
5.598251,311.126984,1.621664,0.551181,D#4,right
5.598251,466.163762,0.535655,0.519685,A#4,right
5.980396,82.406889,0.186173,0.503937,E2,left
5.980396,415.304698,0.886771,0.566929,G#4,right
6.133907,103.826174,0.285792,0.496063,G#2,left
6.133907,466.163762,1.149699,0.527559,A#4,right
6.133907,932.327523,1.149699,0.527559,A#5,right
6.293950,123.470825,0.989656,0.503937,B2,left
6.452360,1174.659072,0.094720,0.535433,D6,right
6.483389,155.563492,0.767555,0.511811,D#3,left
6.483389,622.253967,0.894936,0.535433,D#5,right
6.676094,207.652349,0.638540,0.511811,G#3,left
6.867166,246.941651,0.383777,0.511811,B3,left
6.867166,415.304698,0.352749,0.551181,G#4,right
7.219915,164.813778,0.256396,0.488189,E3,left
7.219915,415.304698,0.289058,0.496063,G#4,right
7.378325,622.253967,0.194338,0.464567,D#5,right
7.410987,82.406889,0.161676,0.425197,E2,left
7.572664,82.406889,0.222101,0.409449,E2,left
7.572664,622.253967,0.351116,0.464567,D#5,right
7.923779,82.406889,0.254763,0.456693,E2,left
7.923779,622.253967,0.191072,0.496063,D#5,right
8.114851,622.253967,1.120303,0.464567,D#5,right
8.309190,82.406889,0.158410,0.448819,E2,left
8.309190,554.365262,0.925965,0.503937,C#5,right
8.467600,82.406889,0.194338,0.417323,E2,left
8.661938,207.652349,0.605878,0.409449,G#3,left
8.823615,82.406889,0.189439,0.440945,E2,left
8.823615,311.126984,0.189439,0.440945,D#4,right
9.013054,82.406889,0.222101,0.401575,E2,left
9.013054,311.126984,0.254763,0.401575,D#4,right
9.362536,82.406889,0.251497,0.448819,E2,left
9.362536,311.126984,0.160043,0.440945,D#4,right
9.522580,311.126984,0.502993,0.425197,D#4,right
9.738148,82.406889,0.416439,0.433071,E2,left
9.738148,415.304698,0.351116,0.503937,G#4,right
10.089264,103.826174,0.297223,0.448819,G#2,left
10.089264,415.304698,0.659771,0.480315,G#4,right
10.451811,246.941651,0.262928,0.503937,B3,left
10.482840,155.563492,0.266195,0.456693,D#3,left
10.814358,77.781746,0.351116,0.409449,D#2,left
10.814358,622.253967,0.890037,0.425197,D#5,right
11.165474,207.652349,0.569950,0.503937,G#3,left
11.165474,246.941651,0.223734,0.488189,B3,left
11.198136,155.563492,0.158410,0.425197,D#3,left
11.356546,103.826174,0.347849,0.448819,G#2,left
0.021230,932.327523,0.375612,0.480315,A#5,right
0.207403,103.826174,0.220468,0.425197,G#2,left
0.396842,155.563492,0.316821,0.456693,D#3,left
0.396842,207.652349,0.414806,0.472441,G#3,left
0.396842,246.941651,0.351116,0.488189,B3,left
0.713663,1108.730524,0.416439,0.488189,C#6,right
0.747958,103.826174,0.254763,0.448819,G#2,left
0.747958,739.988845,0.416439,0.448819,F#5,right
1.097440,155.563492,0.383777,0.464567,D#3,left
1.097440,207.652349,0.578116,0.496063,G#3,left
1.097440,246.941651,0.416439,0.496063,B3,left
1.097440,415.304698,0.352749,0.527559,G#4,right
1.450189,415.304698,0.672835,0.496063,G#4,right
1.481218,82.406889,0.352749,0.417323,E2,left
1.642894,622.253967,0.543821,0.472441,D#5,right
1.802937,207.652349,0.414806,0.488189,G#3,left
1.833966,155.563492,0.225367,0.464567,D#3,left
1.833966,246.941651,0.256396,0.496063,B3,left
2.186715,123.470825,0.447468,0.472441,B2,left
2.186715,622.253967,0.672835,0.480315,D#5,right
2.539463,207.652349,0.383777,0.488189,G#3,left
2.539463,246.941651,0.223734,0.496063,B3,left
2.539463,554.365262,1.636362,0.503937,C#5,right
2.570492,155.563492,0.127381,0.456693,D#3,left
2.728903,82.406889,0.352749,0.433071,E2,left
2.923241,207.652349,0.351116,0.401575,G#3,left
3.081651,82.406889,0.383777,0.417323,E2,left
3.081651,311.126984,0.545454,0.440945,D#4,right
3.274356,155.563492,0.223734,0.472441,D#3,left
3.274356,207.652349,0.707130,0.480315,G#3,left
3.274356,246.941651,0.321720,0.488189,B3,left
3.627105,82.406889,0.254763,0.433071,E2,left
3.627105,311.126984,0.160043,0.433071,D#4,right
3.787148,311.126984,0.617310,0.417323,D#4,right
3.981487,207.652349,0.710397,0.488189,G#3,left
3.981487,246.941651,0.422972,0.496063,B3,left
3.981487,415.304698,0.194338,0.511811,G#4,right
4.175825,415.304698,0.547087,0.472441,G#4,right
4.339135,103.826174,0.289058,0.440945,G#2,left
4.691883,155.563492,0.256396,0.433071,D#3,left
4.691883,207.652349,0.734893,0.503937,G#3,left
4.691883,246.941651,0.289058,0.503937,B3,left
4.722912,415.304698,0.321720,0.503937,G#4,right
5.044632,77.781746,0.411540,0.433071,D#2,left
5.044632,415.304698,0.627109,0.496063,G#4,right
5.075661,622.253967,1.164397,0.472441,D#5,right
5.426776,207.652349,0.244964,0.488189,G#3,left
5.426776,246.941651,0.182907,0.519685,B3,left
5.609683,92.498606,0.344583,0.440945,F#2,left
5.609683,311.126984,0.153511,0.440945,D#4,right
5.919971,466.163762,0.449101,0.488189,A#4,right
5.954266,92.498606,0.543821,0.425197,F#2,left
6.145338,138.591315,0.256396,0.472441,C#3,left
6.145338,184.997211,0.256396,0.456693,F#3,left
6.145338,233.081881,0.256396,0.480315,A#3,left
6.303748,493.883301,0.227000,0.472441,B4,right
6.498087,92.498606,0.264561,0.433071,F#2,left
6.498087,311.126984,0.360914,0.440945,D#4,right
6.498087,466.163762,0.808382,0.472441,A#4,right
6.859001,138.591315,0.383777,0.464567,C#3,left
6.859001,233.081881,0.383777,0.480315,A#3,left
6.859001,311.126984,0.703864,0.440945,D#4,right
7.242778,82.406889,0.287425,0.464567,E2,left
7.402822,369.994423,0.256396,0.464567,F#4,right
7.595527,622.253967,0.352749,0.472441,D#5,right
7.753937,155.563492,0.447468,0.472441,D#3,left
7.753937,207.652349,0.476864,0.496063,G#3,left
7.753937,246.941651,0.414806,0.511811,B3,left
7.948276,622.253967,1.043548,0.480315,D#5,right
8.106686,369.994423,0.344583,0.488189,F#4,right
8.292859,82.406889,0.315187,0.464567,E2,left
8.451269,369.994423,0.189439,0.464567,F#4,right
8.640708,369.994423,0.545454,0.448819,F#4,right
8.833413,155.563492,0.511159,0.464567,D#3,left
8.833413,207.652349,0.447468,0.488189,G#3,left
8.833413,246.941651,0.416439,0.488189,B3,left
8.991824,622.253967,0.906368,0.472441,D#5,right
9.186162,369.994423,0.385411,0.456693,F#4,right
9.377234,164.813778,0.259662,0.472441,E3,left
9.377234,415.304698,0.357648,0.480315,G#4,right
9.538911,82.406889,0.195971,0.440945,E2,left
9.571572,369.994423,0.424605,0.456693,F#4,right
9.734882,155.563492,0.450734,0.440945,D#3,left
9.734882,415.304698,0.450734,0.464567,G#4,right
9.898192,77.781746,0.192705,0.417323,D#2,left
9.898192,622.253967,0.351116,0.440945,D#5,right
10.059868,51.913087,0.062058,0.440945,G#1,left
10.090897,554.365262,0.256396,0.472441,C#5,right
10.249307,622.253967,0.289058,0.448819,D#5,right
10.443645,932.327523,0.094720,0.472441,A#5,right
10.602056,246.941651,0.449101,0.503937,B3,left
10.634718,207.652349,0.939030,0.448819,G#3,left
10.634718,311.126984,0.385411,0.472441,D#4,right
10.794761,932.327523,0.096353,0.472441,A#5,right
10.987466,622.253967,0.360914,0.480315,D#5,right
11.185071,103.826174,0.354382,0.440945,G#2,left
11.348380,622.253967,0.256396,0.456693,D#5,right
0.204137,207.652349,0.695699,0.464567,G#3,left
0.204137,246.941651,0.507893,0.496063,B3,left
0.204137,311.126984,0.413173,0.503937,D#4,right
0.395209,622.253967,0.694066,0.480315,D#5,right
0.741425,92.498606,0.191072,0.472441,F#2,left
0.772454,415.304698,0.316821,0.511811,G#4,right
0.932498,92.498606,0.772454,0.448819,F#2,left
1.089275,622.253967,0.971692,0.488189,D#5,right
1.121937,46.249303,0.192705,0.440945,F#1,left
1.281980,554.365262,0.225367,0.503937,C#5,right
1.314642,46.249303,0.256396,0.377953,F#1,left
1.442023,69.295658,0.488296,0.519685,C#2,left
1.474685,329.627557,0.648339,0.535433,E4,right
1.474685,415.304698,0.551986,0.559055,G#4,right
1.507347,554.365262,0.925965,0.527559,C#5,right
1.835599,164.813778,0.254763,0.511811,E3,left
1.835599,207.652349,0.349482,0.488189,G#3,left
1.835599,277.182631,0.349482,0.535433,C#4,right
2.026671,415.304698,0.983123,0.559055,G#4,right
2.185082,207.652349,0.280892,0.503937,G#3,left
2.185082,277.182631,0.535655,0.519685,C#4,right
2.562327,138.591315,0.127381,0.519685,C#3,left
2.720737,164.813778,0.225367,0.527559,E3,left
2.720737,207.652349,0.289058,0.496063,G#3,left
2.720737,277.182631,0.289058,0.535433,C#4,right
2.915075,622.253967,0.925965,0.519685,D#5,right
3.104514,155.563492,0.225367,0.503937,D#3,left
3.266191,184.997211,0.287425,0.496063,F#3,left
3.266191,233.081881,0.223734,0.511811,A#3,left
3.266191,311.126984,0.351116,0.519685,D#4,right
3.426234,466.163762,0.191072,0.503937,A#4,right
3.617306,184.997211,0.287425,0.488189,F#3,left
3.617306,233.081881,0.256396,0.543307,A#3,left
3.617306,311.126984,0.896569,0.527559,D#4,right
3.617306,466.163762,0.192705,0.519685,A#4,right
3.810012,466.163762,0.158410,0.488189,A#4,right
3.968422,466.163762,0.514425,0.519685,A#4,right
4.001084,77.781746,0.383777,0.503937,D#2,left
4.162760,493.883301,0.287425,0.480315,B4,right
4.352199,51.913087,0.032662,0.503937,G#1,left
4.352199,103.826174,0.352749,0.527559,G#2,left
4.352199,415.304698,0.194338,0.559055,G#4,right
4.546538,415.304698,0.800217,0.511811,G#4,right
4.704948,155.563492,0.256396,0.488189,D#3,left
4.704948,207.652349,0.352749,0.511811,G#3,left
4.704948,246.941651,0.256396,0.527559,B3,left
5.057697,207.652349,0.383777,0.519685,G#3,left
5.057697,554.365262,0.256396,0.543307,C#5,right
5.088725,155.563492,0.225367,0.488189,D#3,left
5.088725,246.941651,0.258029,0.519685,B3,left
5.441474,103.826174,0.096353,0.488189,G#2,left
5.441474,554.365262,0.191072,0.519685,C#5,right
5.601517,155.563492,0.254763,0.503937,D#3,left
5.601517,246.941651,0.378878,0.543307,B3,left
5.601517,622.253967,0.192705,0.543307,D#5,right
5.947734,554.365262,0.573217,0.551181,C#5,right
5.980396,246.941651,1.242786,0.527559,B3,left
6.168202,207.652349,1.089275,0.543307,G#3,left
6.326612,155.563492,0.896569,0.503937,D#3,left
6.326612,415.304698,0.705497,0.511811,G#4,right
6.488288,123.470825,0.769188,0.496063,B2,left
6.488288,622.253967,0.352749,0.527559,D#5,right
6.841037,77.781746,0.382144,0.511811,D#2,left
6.841037,622.253967,0.416439,0.527559,D#5,right
7.032109,415.304698,0.191072,0.566929,G#4,right
7.223181,82.406889,0.352749,0.574803,E2,left
7.223181,164.813778,0.385411,0.614173,E3,left
7.223181,415.304698,1.994010,0.606299,G#4,right
7.575930,155.563492,0.264561,0.551181,D#3,left
7.575930,207.652349,0.393576,0.566929,G#3,left
7.575930,246.941651,0.295590,0.551181,B3,left
7.936844,82.406889,0.352749,0.551181,E2,left
8.289593,155.563492,0.127381,0.543307,D#3,left
8.289593,207.652349,0.127381,0.566929,G#3,left
8.289593,246.941651,0.192705,0.566929,B3,left
8.482298,82.406889,0.349482,0.551181,E2,left
8.642341,622.253967,0.609145,0.535433,D#5,right
8.831780,82.406889,0.289058,0.559055,E2,left
8.993457,932.327523,0.191072,0.566929,A#5,right
9.026119,207.652349,0.478497,0.559055,G#3,left
9.026119,246.941651,0.351116,0.535433,B3,left
9.057147,155.563492,0.320087,0.527559,D#3,left
9.184529,932.327523,0.256396,0.543307,A#5,right
9.346205,1244.507935,0.158410,0.574803,D#6,right
9.377234,82.406889,0.223734,0.551181,E2,left
9.377234,830.609395,1.321174,0.566929,G#5,right
9.440925,1108.730524,0.290691,0.535433,C#6,right
9.504616,1244.507935,1.162764,0.559055,D#6,right
9.698954,207.652349,0.743058,0.566929,G#3,left
9.731616,155.563492,0.455634,0.559055,D#3,left
9.731616,246.941651,0.424605,0.559055,B3,left
10.092530,932.327523,0.383777,0.551181,A#5,right
10.123559,103.826174,0.385411,0.574803,G#2,left
10.442012,155.563492,0.352749,0.543307,D#3,left
10.442012,207.652349,0.352749,0.559055,G#3,left
10.442012,246.941651,0.256396,0.574803,B3,left
10.634718,466.163762,0.225367,0.574803,A#4,right
10.634718,932.327523,0.225367,0.566929,A#5,right
10.794761,103.826174,0.481763,0.551181,G#2,left
10.794761,987.766603,0.383777,0.598425,B5,right
10.825790,493.883301,0.161676,0.566929,B4,right
10.987466,466.163762,0.383777,0.582677,A#4,right
10.987466,932.327523,0.289058,0.566929,A#5,right
11.178538,207.652349,0.225367,0.574803,G#3,left
11.178538,246.941651,0.161676,0.582677,B3,left
11.178538,987.766603,0.352749,0.582677,B5,right
11.340215,103.826174,0.222101,0.559055,G#2,left
11.371244,466.163762,0.223734,0.574803,A#4,right
11.371244,932.327523,0.223734,0.559055,A#5,right
0.034295,311.126984,0.437670,0.566929,D#4,right
0.034295,622.253967,0.530756,0.559055,D#5,right
0.227000,92.498606,0.367446,0.574803,F#2,left
0.382144,138.591315,0.274360,0.543307,C#3,left
0.382144,233.081881,0.274360,0.582677,A#3,left
0.411540,184.997211,0.244964,0.535433,F#3,left
0.565051,622.253967,0.664670,0.543307,D#5,right
0.751224,92.498606,0.703864,0.574803,F#2,left
0.943929,415.304698,0.976591,0.606299,G#4,right
1.102339,138.591315,0.385411,0.551181,C#3,left
1.102339,184.997211,0.418072,0.551181,F#3,left
1.102339,233.081881,0.385411,0.582677,A#3,left
1.293412,739.988845,0.596080,0.543307,F#5,right
1.455088,82.406889,0.300490,0.574803,E2,left
1.455088,622.253967,0.465432,0.551181,D#5,right
1.487750,164.813778,0.401741,0.582677,E3,left
1.651060,554.365262,0.367446,0.543307,C#5,right
1.855196,69.295658,0.258029,0.590551,C#2,left
2.018506,554.365262,0.225367,0.566929,C#5,right
2.018506,1108.730524,0.351116,0.566929,C#6,right
2.180182,73.416192,0.222101,0.543307,D2,left
2.180182,622.253967,0.251497,0.566929,D#5,right
2.180182,1244.507935,0.251497,0.590551,D#6,right
2.369622,554.365262,0.174741,0.566929,C#5,right
2.369622,1108.730524,0.174741,0.551181,C#6,right
2.518233,1244.507935,0.227000,0.590551,D#6,right
2.544363,77.781746,0.083288,0.543307,D#2,left
2.544363,155.563492,0.264561,0.551181,D#3,left
2.544363,622.253967,0.200871,0.566929,D#5,right
2.627651,77.781746,0.181274,0.511811,D#2,left
2.627651,554.365262,0.117583,0.582677,C#5,right
2.627651,1108.730524,0.148612,0.582677,C#6,right
2.745233,622.253967,0.133914,0.559055,D#5,right
2.745233,1244.507935,0.540555,0.590551,D#6,right
2.962435,164.813778,0.667936,0.598425,E3,left
3.197601,82.406889,0.849210,0.511811,E2,left
3.197601,1108.730524,0.338051,0.574803,C#6,right
3.241694,554.365262,0.293957,0.574803,C#5,right
3.436033,1244.507935,0.641807,0.566929,D#6,right
3.535652,1108.730524,0.094720,0.543307,C#6,right
3.630371,164.813778,0.416439,0.598425,E3,left
3.630371,1108.730524,0.542188,0.496063,C#6,right
3.983120,155.563492,0.437670,0.535433,D#3,left
3.983120,207.652349,0.344583,0.551181,G#3,left
4.014149,554.365262,0.695699,0.566929,C#5,right
4.327703,103.826174,0.349482,0.582677,G#2,left
4.327703,207.652349,0.733260,0.598425,G#3,left
4.709847,155.563492,0.351116,0.511811,D#3,left
4.709847,554.365262,0.447468,0.574803,C#5,right
5.060963,207.652349,0.698965,0.598425,G#3,left
5.382683,932.327523,0.169842,0.574803,A#5,right
5.416978,246.941651,0.377245,0.551181,B3,left
5.448006,155.563492,0.377245,0.527559,D#3,left
5.794223,92.498606,0.192705,0.614173,F#2,left
6.114309,622.253967,0.569950,0.574803,D#5,right
6.114309,739.988845,1.334239,0.559055,F#5,right
6.145338,92.498606,1.174196,0.598425,F#2,left
6.145338,1244.507935,0.097986,0.590551,D#6,right
6.338043,116.540940,0.981490,0.535433,A#2,left
6.527483,138.591315,0.728361,0.559055,C#3,left
6.684260,184.997211,0.571583,0.527559,F#3,left
6.684260,622.253967,0.349482,0.543307,D#5,right
6.872066,233.081881,0.192705,0.574803,A#3,left
7.033742,155.563492,0.222101,0.535433,D#3,left
7.033742,622.253967,0.801850,0.543307,D#5,right
7.224814,82.406889,0.351116,0.566929,E2,left
7.224814,164.813778,0.414806,0.598425,E3,left
7.575930,155.563492,0.292324,0.543307,D#3,left
7.575930,207.652349,0.391943,0.574803,G#3,left
7.575930,246.941651,0.292324,0.559055,B3,left
7.933578,82.406889,0.357648,0.551181,E2,left
8.291226,207.652349,1.183994,0.574803,G#3,left
8.291226,246.941651,0.191072,0.566929,B3,left
8.322254,155.563492,0.191072,0.527559,D#3,left
8.482298,82.406889,0.383777,0.559055,E2,left
8.675003,622.253967,0.607512,0.543307,D#5,right
8.866075,82.406889,0.256396,0.551181,E2,left
8.995090,932.327523,0.254763,0.566929,A#5,right
9.058780,155.563492,0.352749,0.543307,D#3,left
9.344572,82.406889,0.289058,0.527559,E2,left
9.378867,622.253967,0.725094,0.559055,D#5,right
9.378867,1108.730524,0.063691,0.559055,C#6,right
9.442558,1108.730524,0.287425,0.527559,C#6,right
9.475220,1244.507935,0.790418,0.551181,D#6,right
9.729983,155.563492,0.471965,0.559055,D#3,left
9.729983,207.652349,0.726727,0.566929,G#3,left
9.729983,246.941651,0.405008,0.566929,B3,left
10.072933,932.327523,0.543821,0.574803,A#5,right
10.103962,103.826174,0.416439,0.574803,G#2,left
10.103962,622.253967,0.640173,0.574803,D#5,right
10.456710,155.563492,0.320087,0.535433,D#3,left
10.456710,207.652349,0.287425,0.551181,G#3,left
10.456710,246.941651,0.256396,0.559055,B3,left
10.616754,466.163762,0.223734,0.574803,A#4,right
10.616754,932.327523,0.223734,0.559055,A#5,right
10.807826,103.826174,0.545454,0.559055,G#2,left
10.807826,493.883301,0.258029,0.566929,B4,right
10.807826,987.766603,0.352749,0.590551,B5,right
11.002164,466.163762,0.351116,0.566929,A#4,right
11.002164,932.327523,0.189439,0.559055,A#5,right
11.160574,207.652349,0.225367,0.582677,G#3,left
11.160574,246.941651,0.158410,0.574803,B3,left
11.160574,987.766603,0.416439,0.582677,B5,right
11.191603,155.563492,0.225367,0.511811,D#3,left
11.353280,103.826174,0.191072,0.566929,G#2,left
11.353280,466.163762,0.622209,0.574803,A#4,right
11.353280,932.327523,0.342950,0.566929,A#5,right
0.047360,311.126984,0.303756,0.574803,D#4,right
0.047360,622.253967,0.367446,0.566929,D#5,right
0.199238,92.498606,0.279259,0.574803,F#2,left
0.305389,138.591315,0.213936,0.527559,C#3,left
0.305389,233.081881,0.213936,0.582677,A#3,left
0.320087,369.994423,0.094720,0.559055,F#4,right
0.414806,369.994423,0.534022,0.551181,F#4,right
0.414806,622.253967,0.860641,0.511811,D#5,right
0.651605,92.498606,0.658137,0.582677,F#2,left
0.948828,415.304698,0.589547,0.614173,G#4,right
1.117037,233.081881,0.356015,0.566929,A#3,left
1.275448,739.988845,0.725094,0.543307,F#5,right
1.473052,82.406889,0.292324,0.582677,E2,left
1.473052,164.813778,0.393576,0.598425,E3,left
1.473052,554.365262,0.527490,0.582677,C#5,right
1.798038,207.652349,0.401741,0.574803,G#3,left
1.830700,155.563492,0.401741,0.551181,D#3,left
1.830700,246.941651,0.303756,0.559055,B3,left
2.000542,554.365262,0.231900,0.559055,C#5,right
2.167118,622.253967,0.385411,0.559055,D#5,right
2.199780,82.406889,0.352749,0.566929,E2,left
2.361456,554.365262,0.254763,0.551181,C#5,right
2.552528,155.563492,0.225367,0.535433,D#3,left
2.552528,207.652349,0.256396,0.566929,G#3,left
2.552528,622.253967,0.256396,0.574803,D#5,right
2.746867,82.406889,0.351116,0.551181,E2,left
2.746867,554.365262,0.222101,0.574803,C#5,right
2.936306,622.253967,0.413173,0.535433,D#5,right
3.097982,82.406889,0.220468,0.543307,E2,left
3.256392,207.652349,0.720195,0.574803,G#3,left
3.256392,554.365262,0.186173,0.582677,C#5,right
3.287421,155.563492,0.344583,0.543307,D#3,left
3.349479,622.253967,0.187806,0.535433,D#5,right
3.442565,554.365262,0.127381,0.543307,C#5,right
3.537285,622.253967,0.378878,0.535433,D#5,right
3.632004,82.406889,0.251497,0.543307,E2,left
3.632004,415.304698,1.332606,0.590551,G#4,right
3.976587,155.563492,0.445835,0.535433,D#3,left
3.976587,207.652349,0.382144,0.559055,G#3,left
3.976587,554.365262,0.733260,0.574803,C#5,right
4.007616,246.941651,0.351116,0.551181,B3,left
4.326070,103.826174,0.352749,0.582677,G#2,left
4.358732,207.652349,0.705497,0.582677,G#3,left
4.709847,246.941651,0.254763,0.559055,B3,left
4.709847,554.365262,0.452367,0.582677,C#5,right
5.028301,622.253967,0.651605,0.559055,D#5,right
5.064229,103.826174,0.357648,0.574803,G#2,left
5.064229,207.652349,0.710397,0.590551,G#3,left
5.421877,155.563492,0.416439,0.566929,D#3,left
5.421877,554.365262,0.321720,0.590551,C#5,right
5.743597,554.365262,0.478497,0.574803,C#5,right
5.743597,1108.730524,0.129015,0.566929,C#6,right
5.774626,92.498606,0.161676,0.614173,F#2,left
6.127374,92.498606,0.352749,0.559055,F#2,left
6.127374,466.163762,0.352749,0.590551,A#4,right
6.127374,932.327523,0.063691,0.582677,A#5,right
6.158403,46.249303,1.058246,0.519685,F#1,left
6.480123,92.498606,0.383777,0.559055,F#2,left
6.480123,466.163762,0.736526,0.574803,A#4,right
6.511152,932.327523,0.096353,0.574803,A#5,right
6.863900,92.498606,0.416439,0.535433,F#2,left
6.863900,415.304698,0.450734,0.606299,G#4,right
6.863900,830.609395,0.031029,0.559055,G#5,right
7.216649,82.406889,0.457267,0.543307,E2,left
7.216649,466.163762,0.360914,0.574803,A#4,right
7.216649,932.327523,0.360914,0.582677,A#5,right
7.410987,622.253967,0.230266,0.519685,D#5,right
7.577563,466.163762,0.352749,0.551181,A#4,right
7.577563,932.327523,0.352749,0.559055,A#5,right
7.930312,164.813778,0.414806,0.582677,E3,left
7.930312,466.163762,0.537288,0.559055,A#4,right
7.930312,932.327523,0.444202,0.590551,A#5,right
8.312456,493.883301,0.124115,0.559055,B4,right
8.312456,987.766603,0.723461,0.590551,B5,right
8.467600,466.163762,0.537288,0.574803,A#4,right
8.467600,932.327523,0.537288,0.559055,A#5,right
8.657039,82.406889,0.191072,0.566929,E2,left
8.688068,164.813778,0.347849,0.590551,E3,left
8.848111,82.406889,0.218835,0.543307,E2,left
9.004888,466.163762,0.408274,0.574803,A#4,right
9.004888,932.327523,0.375612,0.566929,A#5,right
9.191061,164.813778,0.189439,0.598425,E3,left
9.316810,1174.659072,0.096353,0.551181,D6,right
9.349471,1244.507935,0.031029,0.582677,D#6,right
9.380500,622.253967,0.545454,0.551181,D#5,right
9.574839,164.813778,0.351116,0.582677,E3,left
9.733249,82.406889,0.225367,0.543307,E2,left
9.733249,415.304698,0.744692,0.622047,G#4,right
9.894925,155.563492,0.222101,0.543307,D#3,left
10.085998,311.126984,0.195971,0.590551,D#4,right
10.281969,82.406889,0.228633,0.527559,E2,left
10.281969,311.126984,0.261295,0.582677,D#4,right
10.477940,415.304698,0.194338,0.598425,G#4,right
10.606955,466.163762,0.383777,0.566929,A#4,right
10.637984,932.327523,0.161676,0.559055,A#5,right
10.799660,311.126984,0.289058,0.590551,D#4,right
10.832322,82.406889,0.158410,0.551181,E2,left
10.990732,82.406889,0.225367,0.535433,E2,left
10.990732,415.304698,0.225367,0.614173,G#4,right
11.152409,466.163762,0.191072,0.574803,A#4,right
11.152409,932.327523,0.094720,0.566929,A#5,right
11.343481,311.126984,0.225367,0.566929,D#4,right
11.343481,622.253967,0.256396,0.551181,D#5,right
0.039194,82.406889,0.191072,0.574803,E2,left
0.039194,164.813778,0.383777,0.598425,E3,left
0.230266,82.406889,0.225367,0.543307,E2,left
0.391943,466.163762,0.351116,0.566929,A#4,right
0.391943,932.327523,0.094720,0.566929,A#5,right
0.583015,164.813778,0.194338,0.590551,E3,left
0.743058,622.253967,0.261295,0.566929,D#5,right
0.743058,1244.507935,0.065324,0.590551,D#6,right
0.906368,61.735413,0.197605,0.566929,B1,left
0.939030,123.470825,0.390310,0.566929,B2,left
1.103973,61.735413,0.542188,0.503937,B1,left
1.103973,311.126984,0.351116,0.566929,D#4,right
1.455088,466.163762,0.504626,0.582677,A#4,right
1.455088,932.327523,0.377245,0.598425,A#5,right
1.487750,82.406889,0.189439,0.559055,E2,left
1.487750,164.813778,0.189439,0.582677,E3,left
1.646160,622.253967,0.377245,0.535433,D#5,right
1.677189,82.406889,0.248231,0.535433,E2,left
1.677189,164.813778,0.155144,0.566929,E3,left
1.832333,932.327523,0.254763,0.566929,A#5,right
2.181816,164.813778,0.416439,0.590551,E3,left
2.181816,466.163762,0.480130,0.559055,A#4,right
2.181816,932.327523,0.416439,0.590551,A#5,right
2.214477,82.406889,0.383777,0.559055,E2,left
2.534564,207.652349,0.382144,0.574803,G#3,left
2.534564,246.941651,0.256396,0.566929,B3,left
2.534564,987.766603,0.191072,0.582677,B5,right
2.567226,155.563492,0.256396,0.527559,D#3,left
2.725636,466.163762,0.097986,0.559055,A#4,right
2.725636,932.327523,0.097986,0.551181,A#5,right
2.916708,82.406889,0.155144,0.566929,E2,left
2.916708,164.813778,0.375612,0.598425,E3,left
3.071853,82.406889,0.573217,0.551181,E2,left
3.102881,415.304698,0.189439,0.622047,G#4,right
3.261292,466.163762,0.383777,0.574803,A#4,right
3.261292,932.327523,0.352749,0.566929,A#5,right
3.452364,164.813778,0.129015,0.598425,E3,left
3.581378,1174.659072,0.063691,0.543307,D6,right
3.614040,622.253967,0.542188,0.551181,D#5,right
3.614040,1244.507935,0.031029,0.582677,D#6,right
3.805112,164.813778,0.351116,0.598425,E3,left
3.965156,82.406889,0.223734,0.535433,E2,left
3.997818,415.304698,0.937397,0.614173,G#4,right
4.156228,155.563492,0.197605,0.535433,D#3,left
4.353832,103.826174,0.323353,0.574803,G#2,left
4.517142,622.253967,0.418072,0.519685,D#5,right
4.709847,155.563492,0.289058,0.527559,D#3,left
4.709847,207.652349,1.019052,0.527559,G#3,left
4.709847,246.941651,0.289058,0.535433,B3,left
4.871524,932.327523,0.127381,0.535433,A#5,right
5.062596,103.826174,0.414806,0.551181,G#2,left
5.255301,830.609395,0.411540,0.503937,G#5,right
5.413711,246.941651,0.315187,0.535433,B3,left
5.413711,932.327523,0.160043,0.527559,A#5,right
5.446373,155.563492,0.251497,0.503937,D#3,left
5.604784,622.253967,0.248231,0.519685,D#5,right
5.790956,92.498606,0.093086,0.551181,F#2,left
5.949367,932.327523,0.455634,0.488189,A#5,right
6.142072,138.591315,0.231900,0.496063,C#3,left
6.142072,233.081881,0.297223,0.503937,A#3,left
6.307015,739.988845,1.201958,0.472441,F#5,right
6.502986,92.498606,0.607512,0.488189,F#2,left
6.502986,932.327523,0.607512,0.503937,A#5,right
6.694058,622.253967,0.579749,0.464567,D#5,right
6.855735,138.591315,0.385411,0.496063,C#3,left
6.855735,233.081881,0.352749,0.496063,A#3,left
7.241145,82.406889,0.132281,0.464567,E2,left
7.407721,82.406889,0.202504,0.425197,E2,left
7.407721,622.253967,0.169842,0.480315,D#5,right
7.577563,622.253967,0.351116,0.464567,D#5,right
7.610225,82.406889,0.191072,0.409449,E2,left
7.928678,82.406889,0.225367,0.456693,E2,left
7.928678,622.253967,0.194338,0.496063,D#5,right
8.123017,622.253967,1.956448,0.456693,D#5,right
8.309190,82.406889,0.182907,0.440945,E2,left
8.492096,82.406889,0.153511,0.417323,E2,left
8.678269,207.652349,0.320087,0.401575,G#3,left
8.839946,82.406889,0.189439,0.440945,E2,left
8.839946,311.126984,0.351116,0.456693,D#4,right
8.998356,207.652349,0.352749,0.433071,G#3,left
9.029385,82.406889,0.225367,0.409449,E2,left
9.191061,311.126984,0.223734,0.425197,D#4,right
9.351105,207.652349,0.383777,0.433071,G#3,left
9.382133,82.406889,0.192705,0.456693,E2,left
9.574839,311.126984,0.315187,0.440945,D#4,right
9.734882,82.406889,0.344583,0.456693,E2,left
9.734882,207.652349,0.726727,0.488189,G#3,left
9.921055,415.304698,0.158410,0.503937,G#4,right
10.079465,103.826174,0.413173,0.448819,G#2,left
10.079465,415.304698,0.829612,0.456693,G#4,right
10.461609,155.563492,0.705497,0.456693,D#3,left
10.461609,207.652349,0.383777,0.472441,G#3,left
10.461609,246.941651,0.222101,0.488189,B3,left
10.814358,77.781746,0.287425,0.409449,D#2,left
10.814358,622.253967,0.953728,0.425197,D#5,right
10.814358,830.609395,0.387044,0.472441,G#5,right
11.132812,246.941651,0.271094,0.511811,B3,left
11.167107,155.563492,0.202504,0.440945,D#3,left
11.167107,207.652349,0.569950,0.496063,G#3,left
11.369611,103.826174,0.333151,0.440945,G#2,left
0.205770,103.826174,0.258029,0.409449,G#2,left
0.205770,932.327523,0.324986,0.472441,A#5,right
0.400108,155.563492,0.320087,0.440945,D#3,left
0.400108,207.652349,0.320087,0.456693,G#3,left
0.400108,246.941651,0.289058,0.480315,B3,left
0.594447,739.988845,0.574850,0.464567,F#5,right
0.783886,103.826174,0.225367,0.448819,G#2,left
1.105606,155.563492,0.413173,0.464567,D#3,left
1.105606,207.652349,0.602612,0.488189,G#3,left
1.105606,246.941651,0.444202,0.503937,B3,left
1.298311,369.994423,0.251497,0.488189,F#4,right
1.487750,82.406889,0.346216,0.425197,E2,left
1.487750,415.304698,0.728361,0.511811,G#4,right
1.642894,622.253967,0.540555,0.472441,D#5,right
1.833966,155.563492,0.254763,0.456693,D#3,left
1.833966,207.652349,0.413173,0.488189,G#3,left
1.833966,246.941651,0.285792,0.496063,B3,left
2.183449,123.470825,0.480130,0.464567,B2,left
2.183449,622.253967,0.671202,0.488189,D#5,right
2.216111,415.304698,1.611865,0.488189,G#4,right
2.536197,246.941651,0.285792,0.519685,B3,left
2.536197,554.365262,1.355469,0.519685,C#5,right
2.567226,155.563492,0.160043,0.472441,D#3,left
2.567226,207.652349,0.223734,0.472441,G#3,left
2.727269,82.406889,0.127381,0.433071,E2,left
2.758298,369.994423,0.225367,0.448819,F#4,right
2.919975,207.652349,0.347849,0.401575,G#3,left
3.080018,82.406889,0.217202,0.417323,E2,left
3.080018,311.126984,0.336418,0.448819,D#4,right
3.267824,155.563492,0.272727,0.448819,D#3,left
3.267824,207.652349,0.367446,0.440945,G#3,left
3.416436,311.126984,0.378878,0.425197,D#4,right
3.602609,82.406889,0.256396,0.456693,E2,left
3.635270,207.652349,0.351116,0.448819,G#3,left
3.795314,311.126984,0.586281,0.425197,D#4,right
3.986386,207.652349,0.723461,0.480315,G#3,left
3.986386,246.941651,0.395209,0.488189,B3,left
3.986386,415.304698,0.164943,0.503937,G#4,right
4.151329,415.304698,0.558519,0.496063,G#4,right
4.348933,103.826174,0.360914,0.433071,G#2,left
4.513876,622.253967,0.550353,0.472441,D#5,right
4.709847,155.563492,0.258029,0.433071,D#3,left
4.709847,207.652349,0.385411,0.480315,G#3,left
4.709847,246.941651,0.258029,0.480315,B3,left
4.709847,415.304698,0.354382,0.496063,G#4,right
5.064229,77.781746,0.414806,0.425197,D#2,left
5.064229,415.304698,0.189439,0.488189,G#4,right
5.064229,622.253967,0.640173,0.472441,D#5,right
5.253668,415.304698,0.481763,0.472441,G#4,right
5.415345,207.652349,0.256396,0.488189,G#3,left
5.415345,246.941651,0.223734,0.488189,B3,left
5.448006,155.563492,0.223734,0.433071,D#3,left
5.606417,110.000000,0.767555,0.433071,A2,left
5.606417,440.000000,0.097986,0.488189,A4,right
5.959165,659.255114,0.352749,0.503937,E5,right
6.120842,164.813778,0.253130,0.480315,E3,left
6.151871,220.000000,0.320087,0.503937,A3,left
6.151871,277.182631,0.320087,0.480315,C#4,right
6.311914,659.255114,1.120303,0.503937,E5,right
6.504619,110.000000,0.349482,0.440945,A2,left
6.504619,415.304698,1.695153,0.503937,G#4,right
6.854102,110.000000,0.320087,0.440945,A2,left
6.854102,622.253967,0.352749,0.480315,D#5,right
7.046807,138.591315,0.096353,0.503937,C#3,left
7.206850,622.253967,0.416439,0.488189,D#5,right
7.237879,82.406889,0.352749,0.464567,E2,left
7.237879,164.813778,0.578116,0.488189,E3,left
7.399556,932.327523,0.160043,0.488189,A#5,right
7.559599,932.327523,0.351116,0.472441,A#5,right
7.590628,82.406889,0.192705,0.417323,E2,left
7.752304,207.652349,0.478497,0.488189,G#3,left
7.752304,246.941651,0.383777,0.480315,B3,left
7.783333,155.563492,0.352749,0.464567,D#3,left
7.910714,932.327523,0.961893,0.480315,A#5,right
8.105053,82.406889,0.189439,0.433071,E2,left
8.105053,622.253967,0.189439,0.496063,D#5,right
8.294492,82.406889,0.385411,0.409449,E2,left
8.294492,622.253967,0.160043,0.480315,D#5,right
8.454535,622.253967,1.025584,0.456693,D#5,right
8.679902,82.406889,0.223734,0.417323,E2,left
8.679902,554.365262,0.223734,0.503937,C#5,right
8.838313,207.652349,0.578116,0.480315,G#3,left
8.838313,246.941651,0.383777,0.496063,B3,left
8.872608,155.563492,0.318454,0.472441,D#3,left
8.999989,466.163762,0.511159,0.472441,A#4,right
9.191061,82.406889,0.256396,0.433071,E2,left
9.736515,155.563492,0.383777,0.425197,D#3,left
9.736515,466.163762,0.414806,0.472441,A#4,right
9.927587,77.781746,0.192705,0.425197,D#2,left
10.087631,103.826174,0.385411,0.448819,G#2,left
10.120293,415.304698,0.222101,0.496063,G#4,right
10.278703,622.253967,0.480130,0.448819,D#5,right
10.438746,932.327523,0.352749,0.472441,A#5,right
10.473041,103.826174,0.191072,0.393701,G#2,left
10.631451,207.652349,0.981490,0.448819,G#3,left
10.631451,246.941651,0.414806,0.496063,B3,left
10.631451,311.126984,0.444202,0.480315,D#4,right
10.791495,932.327523,1.014152,0.488189,A#5,right
10.984200,103.826174,0.186173,0.433071,G#2,left
11.170373,103.826174,0.346216,0.377953,G#2,left
11.170373,622.253967,0.187806,0.464567,D#5,right
11.358179,622.253967,0.736526,0.472441,D#5,right
0.019597,103.826174,0.289058,0.409449,G#2,left
0.052259,554.365262,0.512792,0.488189,C#5,right
0.213936,246.941651,0.383777,0.496063,B3,left
0.213936,311.126984,0.414806,0.480315,D#4,right
0.565051,103.826174,0.191072,0.433071,G#2,left
0.565051,415.304698,0.223734,0.511811,G#4,right
0.756123,92.498606,0.096353,0.464567,F#2,left
0.788785,554.365262,0.511159,0.503937,C#5,right
0.947195,92.498606,0.161676,0.448819,F#2,left
1.108872,92.498606,0.890037,0.440945,F#2,left
1.108872,622.253967,0.952095,0.480315,D#5,right
1.299944,554.365262,1.174196,0.503937,C#5,right
1.461620,69.295658,0.382144,0.511811,C#2,left
1.461620,415.304698,0.568317,0.582677,G#4,right
1.492649,329.627557,0.917800,0.543307,E4,right
1.812736,207.652349,0.375612,0.496063,G#3,left
1.812736,277.182631,0.375612,0.519685,C#4,right
1.843765,164.813778,0.248231,0.511811,E3,left
2.029938,415.304698,0.966793,0.559055,G#4,right
2.188348,207.652349,0.349482,0.511811,G#3,left
2.188348,277.182631,0.545454,0.519685,C#4,right
2.537830,138.591315,0.163310,0.511811,C#3,left
2.701140,207.652349,0.328252,0.503937,G#3,left
2.733802,164.813778,0.231900,0.519685,E3,left
2.733802,277.182631,0.262928,0.543307,C#4,right
2.898744,622.253967,1.283613,0.511811,D#5,right
3.093083,155.563492,0.254763,0.511811,D#3,left
3.251493,184.997211,0.380511,0.503937,F#3,left
3.251493,233.081881,0.256396,0.519685,A#3,left
3.251493,311.126984,0.380511,0.519685,D#4,right
3.444198,466.163762,0.187806,0.503937,A#4,right
3.632004,184.997211,0.292324,0.480315,F#3,left
3.632004,233.081881,0.261295,0.527559,A#3,left
3.632004,311.126984,0.899836,0.527559,D#4,right
3.632004,466.163762,0.803483,0.511811,A#4,right
3.988019,77.781746,0.383777,0.519685,D#2,left
4.182357,622.253967,0.349482,0.503937,D#5,right
4.340768,51.913087,0.540555,0.503937,G#1,left
4.340768,103.826174,0.191072,0.527559,G#2,left
4.340768,415.304698,0.759389,0.559055,G#4,right
4.531840,103.826174,0.380511,0.480315,G#2,left
4.693516,246.941651,0.218835,0.535433,B3,left
4.693516,311.126984,0.249864,0.527559,D#4,right
5.069128,103.826174,0.189439,0.503937,G#2,left
5.069128,246.941651,0.189439,0.535433,B3,left
5.069128,311.126984,0.189439,0.527559,D#4,right
5.100157,415.304698,0.222101,0.527559,G#4,right
5.420244,246.941651,0.385411,0.535433,B3,left
5.420244,311.126984,0.418072,0.535433,D#4,right
5.642345,415.304698,0.195971,0.519685,G#4,right
5.968964,69.295658,0.195971,0.543307,C#2,left
5.968964,138.591315,0.163310,0.511811,C#3,left
6.132273,155.563492,0.223734,0.535433,D#3,left
6.164935,77.781746,0.223734,0.503937,D#2,left
6.324979,69.295658,0.222101,0.511811,C#2,left
6.324979,415.304698,0.736526,0.535433,G#4,right
6.483389,58.270470,0.194338,0.511811,A#1,left
6.677727,61.735413,0.127381,0.503937,B1,left
6.677727,123.470825,0.158410,0.496063,B2,left
6.867166,58.270470,0.194338,0.472441,A#1,left
6.867166,622.253967,1.409361,0.503937,D#5,right
7.028843,92.498606,0.191072,0.511811,F#2,left
7.061505,415.304698,0.158410,0.527559,G#4,right
7.219915,41.203445,0.545454,0.511811,E1,left
7.219915,82.406889,0.352749,0.464567,E2,left
7.219915,415.304698,0.352749,0.527559,G#4,right
7.572664,82.406889,0.543821,0.464567,E2,left
7.572664,415.304698,0.383777,0.543307,G#4,right
7.765369,164.813778,0.127381,0.519685,E3,left
7.956441,415.304698,0.705497,0.559055,G#4,right
8.116484,164.813778,0.192705,0.519685,E3,left
8.276528,622.253967,0.352749,0.527559,D#5,right
8.309190,82.406889,0.191072,0.496063,E2,left
8.467600,164.813778,0.194338,0.519685,E3,left
8.629276,622.253967,0.927598,0.519685,D#5,right
8.661938,82.406889,0.351116,0.488189,E2,left
8.661938,415.304698,0.638540,0.559055,G#4,right
8.851377,164.813778,0.352749,0.511811,E3,left
9.013054,82.406889,0.352749,0.480315,E2,left
9.013054,466.163762,0.191072,0.519685,A#4,right
9.204126,164.813778,0.256396,0.511811,E3,left
9.204126,466.163762,0.383777,0.472441,A#4,right
9.365802,82.406889,0.191072,0.480315,E2,left
9.365802,369.994423,0.222101,0.488189,F#4,right
9.365802,554.365262,0.222101,0.535433,C#5,right
9.556875,164.813778,0.158410,0.527559,E3,left
9.556875,415.304698,0.681001,0.535433,G#4,right
9.556875,622.253967,0.615677,0.503937,D#5,right
9.747947,82.406889,0.161676,0.511811,E2,left
9.909623,164.813778,0.161676,0.511811,E3,left
10.071300,51.913087,0.390310,0.488189,G#1,left
10.103962,103.826174,0.357648,0.535433,G#2,left
10.103962,466.163762,0.519324,0.519685,A#4,right
10.461609,51.913087,0.697332,0.464567,G#1,left
10.623286,466.163762,0.380511,0.519685,A#4,right
10.623286,932.327523,0.351116,0.511811,A#5,right
10.654315,103.826174,0.692432,0.472441,G#2,left
10.814358,987.766603,0.344583,0.543307,B5,right
10.845387,493.883301,0.158410,0.511811,B4,right
10.974401,932.327523,0.215569,0.519685,A#5,right
11.003797,466.163762,0.249864,0.511811,A#4,right
11.158941,51.913087,0.382144,0.456693,G#1,left
11.158941,987.766603,0.509526,0.527559,B5,right
11.189970,493.883301,0.191072,0.488189,B4,right
11.346747,103.826174,0.194338,0.464567,G#2,left
11.346747,466.163762,0.225367,0.511811,A#4,right
11.346747,932.327523,0.194338,0.503937,A#5,right
0.044094,92.498606,0.158410,0.480315,F#2,left
0.044094,311.126984,0.351116,0.543307,D#4,right
0.044094,622.253967,0.063691,0.519685,D#5,right
0.202504,92.498606,0.383777,0.464567,F#2,left
0.395209,46.249303,0.352749,0.440945,F#1,left
0.395209,622.253967,0.160043,0.496063,D#5,right
0.555252,622.253967,0.801850,0.480315,D#5,right
0.586281,92.498606,0.321720,0.496063,F#2,left
0.747958,46.249303,0.223734,0.425197,F#1,left
0.908001,92.498606,0.223734,0.488189,F#2,left
0.939030,415.304698,0.161676,0.559055,G#4,right
1.100706,415.304698,0.388677,0.511811,G#4,right
1.131735,46.249303,0.192705,0.417323,F#1,left
1.131735,92.498606,0.390310,0.409449,F#2,left
1.291779,739.988845,0.262928,0.535433,F#5,right
1.453455,622.253967,0.390310,0.535433,D#5,right
1.489383,82.406889,0.161676,0.535433,E2,left
1.489383,164.813778,0.388677,0.551181,E3,left
1.651060,554.365262,0.354382,0.535433,C#5,right
1.878060,82.406889,0.160043,0.496063,E2,left
2.005441,164.813778,0.223734,0.527559,E3,left
2.005441,554.365262,0.223734,0.551181,C#5,right
2.005441,1108.730524,0.289058,0.543307,C#6,right
2.196513,82.406889,0.352749,0.488189,E2,left
2.196513,622.253967,0.352749,0.527559,D#5,right
2.358190,164.813778,0.222101,0.519685,E3,left
2.358190,1108.730524,0.285792,0.543307,C#6,right
2.389219,554.365262,0.191072,0.551181,C#5,right
2.549262,82.406889,0.289058,0.488189,E2,left
2.549262,622.253967,0.256396,0.519685,D#5,right
2.710938,1108.730524,0.542188,0.535433,C#6,right
2.741967,164.813778,0.191072,0.511811,E3,left
2.741967,554.365262,0.191072,0.551181,C#5,right
2.902011,622.253967,0.383777,0.535433,D#5,right
2.902011,1244.507935,0.413173,0.551181,D#6,right
2.933039,82.406889,0.161676,0.519685,E2,left
2.933039,164.813778,0.161676,0.511811,E3,left
3.094716,164.813778,0.378878,0.519685,E3,left
3.253126,82.406889,0.249864,0.480315,E2,left
3.253126,1108.730524,0.280892,0.543307,C#6,right
3.285788,554.365262,0.248231,0.535433,C#5,right
3.439299,1244.507935,0.566684,0.535433,D#6,right
3.473594,164.813778,0.342950,0.511811,E3,left
3.534019,1108.730524,0.094720,0.519685,C#6,right
3.628738,1108.730524,0.757756,0.496063,C#6,right
3.659767,82.406889,0.222101,0.480315,E2,left
3.816544,164.813778,0.218835,0.527559,E3,left
3.973321,82.406889,0.156777,0.480315,E2,left
3.973321,369.994423,0.413173,0.519685,F#4,right
3.973321,554.365262,0.444202,0.543307,C#5,right
4.161127,164.813778,0.192705,0.527559,E3,left
4.353832,51.913087,0.032662,0.488189,G#1,left
4.353832,415.304698,0.715296,0.559055,G#4,right
4.675552,369.994423,0.743058,0.503937,F#4,right
4.706581,554.365262,0.712030,0.527559,C#5,right
4.902553,103.826174,0.166576,0.488189,G#2,left
5.069128,103.826174,0.191072,0.480315,G#2,left
5.069128,207.652349,0.285792,0.511811,G#3,left
5.069128,415.304698,0.414806,0.574803,G#4,right
5.260200,103.826174,0.127381,0.464567,G#2,left
5.387582,103.826174,0.223734,0.433071,G#2,left
5.418611,466.163762,0.823080,0.511811,A#4,right
5.418611,739.988845,0.761022,0.488189,F#5,right
5.418611,932.327523,1.335872,0.519685,A#5,right
5.611316,103.826174,0.160043,0.488189,G#2,left
5.771359,46.249303,0.346216,0.472441,F#1,left
5.771359,92.498606,0.346216,0.503937,F#2,left
6.117576,92.498606,0.700598,0.503937,F#2,left
6.148604,622.253967,0.542188,0.527559,D#5,right
6.148604,1244.507935,0.636907,0.559055,D#6,right
6.179633,739.988845,0.605878,0.511811,F#5,right
6.498087,46.249303,0.287425,0.511811,F#1,left
6.690792,622.253967,0.158410,0.535433,D#5,right
6.849202,622.253967,0.191072,0.519685,D#5,right
7.040275,622.253967,1.250951,0.496063,D#5,right
7.201951,311.126984,0.672835,0.590551,D#4,right
7.234613,82.406889,0.351116,0.559055,E2,left
7.554700,246.941651,0.254763,0.559055,B3,left
7.585728,415.304698,0.352749,0.606299,G#4,right
7.905815,82.406889,0.385411,0.535433,E2,left
7.938477,415.304698,1.105606,0.590551,G#4,right
8.291226,207.652349,0.127381,0.551181,G#3,left
8.291226,246.941651,0.158410,0.559055,B3,left
8.291226,311.126984,0.351116,0.574803,D#4,right
8.291226,622.253967,0.351116,0.582677,D#5,right
8.322254,155.563492,0.127381,0.527559,D#3,left
8.482298,82.406889,0.362547,0.543307,E2,left
8.642341,311.126984,0.627109,0.566929,D#4,right
8.642341,622.253967,0.658137,0.551181,D#5,right
8.844845,82.406889,0.297223,0.543307,E2,left
9.013054,466.163762,0.256396,0.574803,A#4,right
9.013054,932.327523,0.192705,0.566929,A#5,right
9.044083,246.941651,0.289058,0.543307,B3,left
9.364169,82.406889,0.258029,0.535433,E2,left
9.364169,622.253967,0.726727,0.551181,D#5,right
9.460522,1108.730524,0.161676,0.519685,C#6,right
9.525846,1244.507935,0.628742,0.566929,D#6,right
9.716918,207.652349,0.726727,0.566929,G#3,left
9.747947,155.563492,0.406641,0.551181,D#3,left
9.747947,246.941651,0.375612,0.551181,B3,left
10.090897,103.826174,0.321720,0.590551,G#2,left
10.090897,622.253967,0.636907,0.574803,D#5,right
10.090897,932.327523,0.385411,0.566929,A#5,right
10.443645,155.563492,0.284159,0.535433,D#3,left
10.443645,207.652349,0.338051,0.559055,G#3,left
10.443645,246.941651,0.284159,0.566929,B3,left
10.634718,466.163762,0.169842,0.574803,A#4,right
10.634718,932.327523,0.093086,0.559055,A#5,right
10.781696,987.766603,0.235166,0.598425,B5,right
10.804560,103.826174,0.365813,0.551181,G#2,left
10.804560,493.883301,0.068590,0.574803,B4,right
10.889480,466.163762,0.280892,0.574803,A#4,right
10.889480,932.327523,0.127381,0.559055,A#5,right
10.989099,207.652349,0.277626,0.590551,G#3,left
10.989099,246.941651,0.150245,0.582677,B3,left
11.016862,155.563492,0.249864,0.519685,D#3,left
11.016862,987.766603,0.356015,0.582677,B5,right
11.170373,103.826174,0.202504,0.559055,G#2,left
11.170373,466.163762,0.238432,0.574803,A#4,right
11.170373,932.327523,0.202504,0.566929,A#5,right
11.372877,311.126984,0.627109,0.566929,D#4,right
11.372877,622.253967,0.305389,0.566929,D#5,right
0.084921,92.498606,0.516058,0.574803,F#2,left
0.360914,138.591315,0.303756,0.535433,C#3,left
0.360914,233.081881,0.303756,0.574803,A#3,left
0.568317,369.994423,0.352749,0.551181,F#4,right
0.568317,622.253967,0.672835,0.527559,D#5,right
0.762656,92.498606,0.253130,0.574803,F#2,left
0.952095,415.304698,0.579749,0.606299,G#4,right
1.112138,138.591315,0.385411,0.543307,C#3,left
1.112138,184.997211,0.385411,0.551181,F#3,left
1.112138,233.081881,0.385411,0.574803,A#3,left
1.273814,739.988845,0.679368,0.543307,F#5,right
1.466520,82.406889,0.065324,0.590551,E2,left
1.466520,164.813778,0.455634,0.598425,E3,left
1.825801,155.563492,0.352749,0.551181,D#3,left
1.825801,207.652349,0.383777,0.574803,G#3,left
1.858463,246.941651,0.287425,0.551181,B3,left
2.020139,554.365262,0.285792,0.566929,C#5,right
2.178549,82.406889,0.352749,0.559055,E2,left
2.178549,622.253967,0.640173,0.543307,D#5,right
2.371255,554.365262,0.223734,0.559055,C#5,right
2.531298,207.652349,0.287425,0.574803,G#3,left
2.562327,155.563492,0.225367,0.527559,D#3,left
2.562327,246.941651,0.191072,0.559055,B3,left
2.722370,554.365262,0.223734,0.574803,C#5,right
2.753399,82.406889,0.347849,0.543307,E2,left
2.915075,622.253967,0.437670,0.543307,D#5,right
3.101248,82.406889,0.187806,0.551181,E2,left
3.259659,155.563492,0.349482,0.551181,D#3,left
3.259659,207.652349,0.733260,0.566929,G#3,left
3.259659,554.365262,0.156777,0.574803,C#5,right
3.352745,622.253967,0.158410,0.535433,D#5,right
3.416436,554.365262,0.127381,0.551181,C#5,right
3.511155,622.253967,0.965159,0.535433,D#5,right
3.609141,82.406889,0.254763,0.543307,E2,left
3.641803,415.304698,0.351116,0.590551,G#4,right
3.992918,155.563492,0.583015,0.535433,D#3,left
3.992918,207.652349,0.450734,0.566929,G#3,left
3.992918,246.941651,0.351116,0.559055,B3,left
3.992918,415.304698,0.943929,0.582677,G#4,right
4.344034,110.000000,0.592814,0.551181,A2,left
4.344034,220.000000,0.362547,0.598425,A3,left
4.672286,277.182631,0.362547,0.566929,C#4,right
4.706581,164.813778,0.262928,0.559055,E3,left
4.706581,220.000000,0.713663,0.590551,A3,left
4.706581,659.255114,0.031029,0.574803,E5,right
5.067495,110.000000,0.545454,0.535433,A2,left
5.067495,659.255114,1.557973,0.543307,E5,right
5.420244,164.813778,0.225367,0.551181,E3,left
5.420244,220.000000,0.256396,0.590551,A3,left
5.420244,277.182631,0.225367,0.543307,C#4,right
5.612949,110.000000,0.347849,0.535433,A2,left
5.612949,554.365262,0.160043,0.559055,C#5,right
5.772992,554.365262,0.726727,0.543307,C#5,right
5.960798,110.000000,0.411540,0.535433,A2,left
6.115942,277.182631,0.478497,0.559055,C#4,right
6.148604,164.813778,0.509526,0.582677,E3,left
6.499720,110.000000,0.414806,0.527559,A2,left
6.499720,440.000000,0.671202,0.551181,A4,right
6.499720,554.365262,0.798584,0.582677,C#5,right
6.850835,164.813778,0.416439,0.559055,E3,left
6.850835,220.000000,0.383777,0.582677,A3,left
6.850835,277.182631,0.447468,0.535433,C#4,right
6.850835,987.766603,0.191072,0.566929,B5,right
7.041908,987.766603,0.256396,0.574803,B5,right
7.138260,880.000000,0.287425,0.535433,A5,right
7.234613,207.652349,0.352749,0.598425,G#3,left
7.553066,246.941651,0.289058,0.551181,B3,left
7.587361,155.563492,0.285792,0.503937,D#3,left
7.587361,207.652349,0.703864,0.527559,G#3,left
7.778434,415.304698,0.679368,0.574803,G#4,right
7.936844,103.826174,0.419706,0.543307,G#2,left
7.936844,622.253967,0.354382,0.519685,D#5,right
8.098520,554.365262,0.227000,0.543307,C#5,right
8.291226,155.563492,0.424605,0.511811,D#3,left
8.291226,207.652349,1.345671,0.551181,G#3,left
8.291226,246.941651,0.264561,0.559055,B3,left
8.291226,622.253967,0.199238,0.551181,D#5,right
8.490463,103.826174,0.354382,0.527559,G#2,left
8.490463,554.365262,0.514425,0.543307,C#5,right
8.652140,622.253967,0.545454,0.511811,D#5,right
8.844845,103.826174,0.416439,0.496063,G#2,left
9.004888,246.941651,0.440936,0.551181,B3,left
9.004888,554.365262,0.285792,0.551181,C#5,right
9.035917,155.563492,0.440936,0.511811,D#3,left
9.197594,622.253967,0.125748,0.511811,D#5,right
9.290680,554.365262,0.346216,0.551181,C#5,right
9.385400,415.304698,0.284159,0.566929,G#4,right
9.733249,155.563492,0.550353,0.496063,D#3,left
9.733249,246.941651,0.422972,0.527559,B3,left
9.733249,415.304698,0.486662,0.559055,G#4,right
9.765911,207.652349,0.422972,0.511811,G#3,left
10.092530,220.000000,0.352749,0.559055,A3,left
10.092530,739.988845,0.191072,0.519685,F#5,right
10.125192,110.000000,0.158410,0.511811,A2,left
10.283602,110.000000,0.411540,0.456693,A2,left
10.445279,164.813778,0.311921,0.503937,E3,left
10.445279,220.000000,0.501360,0.519685,A3,left
10.445279,277.182631,0.346216,0.496063,C#4,right
10.820890,110.000000,0.547087,0.448819,A2,left
10.820890,554.365262,0.481763,0.503937,C#5,right
11.137711,277.182631,0.195971,0.480315,C#4,right
11.173639,164.813778,0.160043,0.488189,E3,left
11.173639,220.000000,0.160043,0.511811,A3,left
11.173639,622.253967,0.129015,0.503937,D#5,right
11.367977,110.000000,0.356015,0.464567,A2,left
0.034295,554.365262,0.641807,0.496063,C#5,right
0.227000,110.000000,0.416439,0.433071,A2,left
0.387044,164.813778,0.256396,0.488189,E3,left
0.387044,220.000000,0.289058,0.511811,A3,left
0.387044,277.182631,0.289058,0.488189,C#4,right
0.579749,622.253967,0.160043,0.496063,D#5,right
0.739792,622.253967,0.811648,0.440945,D#5,right
0.769188,110.000000,0.687533,0.448819,A2,left
1.081109,277.182631,0.470331,0.488189,C#4,right
1.113771,164.813778,0.532389,0.480315,E3,left
1.113771,220.000000,0.437670,0.511811,A3,left
1.301577,415.304698,0.899836,0.503937,G#4,right
1.487750,82.406889,0.063691,0.472441,E2,left
1.646160,164.813778,0.356015,0.433071,E3,left
1.840499,82.406889,0.130648,0.433071,E2,left
2.002175,164.813778,0.390310,0.464567,E3,left
2.168751,82.406889,0.192705,0.433071,E2,left
2.201413,415.304698,1.099073,0.496063,G#4,right
2.392485,164.813778,0.352749,0.448819,E3,left
2.554161,82.406889,0.354382,0.417323,E2,left
2.554161,311.126984,0.354382,0.480315,D#4,right
2.745233,164.813778,0.357648,0.448819,E3,left
2.908543,82.406889,0.357648,0.464567,E2,left
2.908543,311.126984,0.583015,0.488189,D#4,right
3.102881,164.813778,0.356015,0.433071,E3,left
3.266191,82.406889,0.352749,0.409449,E2,left
3.266191,466.163762,0.192705,0.480315,A#4,right
3.458896,164.813778,0.352749,0.448819,E3,left
3.458896,466.163762,0.258029,0.464567,A#4,right
3.618940,82.406889,0.256396,0.448819,E2,left
3.618940,622.253967,0.161676,0.480315,D#5,right
3.682630,554.365262,0.320087,0.503937,C#5,right
3.780616,622.253967,0.890037,0.464567,D#5,right
3.811645,164.813778,0.377245,0.464567,E3,left
4.002717,82.406889,0.186173,0.440945,E2,left
4.188890,164.813778,0.187806,0.456693,E3,left
4.314638,51.913087,0.387044,0.433071,G#1,left
4.345667,103.826174,0.194338,0.456693,G#2,left
4.345667,466.163762,1.288512,0.472441,A#4,right
4.540005,103.826174,0.195971,0.393701,G#2,left
4.701682,51.913087,0.357648,0.401575,G#1,left
4.900919,103.826174,0.349482,0.417323,G#2,left
5.059330,51.913087,0.352749,0.370079,G#1,left
5.059330,932.327523,0.352749,0.488189,A#5,right
5.250402,103.826174,0.352749,0.385827,G#2,left
5.412078,51.913087,0.383777,0.385827,G#1,left
5.412078,932.327523,0.862274,0.440945,A#5,right
5.603151,103.826174,0.161676,0.409449,G#2,left
5.603151,739.988845,0.129015,0.409449,F#5,right
5.795856,46.249303,0.063691,0.417323,F#1,left
5.795856,554.365262,0.383777,0.464567,C#5,right
5.954266,466.163762,0.569950,0.448819,A#4,right
5.986928,92.498606,0.031029,0.425197,F#2,left
6.148604,369.994423,0.063691,0.417323,F#4,right
6.179633,46.249303,0.311921,0.393701,F#1,left
6.336410,622.253967,0.155144,0.456693,D#5,right
6.491554,46.249303,0.383777,0.401575,F#1,left
6.491554,622.253967,0.189439,0.456693,D#5,right
6.680994,622.253967,0.160043,0.440945,D#5,right
6.841037,622.253967,0.449101,0.456693,D#5,right
6.875332,46.249303,0.191072,0.417323,F#1,left
7.033742,92.498606,0.191072,0.425197,F#2,left
7.066404,415.304698,0.511159,0.480315,G#4,right
7.224814,82.406889,0.031029,0.472441,E2,left
7.224814,164.813778,0.161676,0.503937,E3,left
7.386491,164.813778,0.383777,0.440945,E3,left
7.577563,82.406889,0.031029,0.433071,E2,left
7.577563,415.304698,0.992922,0.496063,G#4,right
7.770268,164.813778,0.352749,0.472441,E3,left
8.123017,164.813778,0.351116,0.464567,E3,left
8.281427,311.126984,0.383777,0.488189,D#4,right
8.314089,82.406889,0.192705,0.409449,E2,left
8.474132,164.813778,0.351116,0.464567,E3,left
8.665204,82.406889,0.352749,0.456693,E2,left
8.665204,311.126984,0.574850,0.488189,D#4,right
8.825248,164.813778,0.383777,0.440945,E3,left
9.017953,82.406889,0.354382,0.417323,E2,left
9.017953,466.163762,0.191072,0.480315,A#4,right
9.209025,164.813778,0.357648,0.456693,E3,left
9.209025,466.163762,0.292324,0.448819,A#4,right
9.372335,82.406889,0.292324,0.456693,E2,left
9.372335,622.253967,1.487750,0.480315,D#5,right
9.566673,164.813778,0.362547,0.464567,E3,left
9.731616,82.406889,0.395209,0.440945,E2,left
9.929220,164.813778,0.197605,0.464567,E3,left
10.094163,51.913087,0.349482,0.433071,G#1,left
10.094163,103.826174,0.191072,0.464567,G#2,left
10.126825,466.163762,1.304843,0.464567,A#4,right
10.285235,103.826174,0.191072,0.409449,G#2,left
10.443645,51.913087,0.352749,0.401575,G#1,left
10.637984,103.826174,0.351116,0.425197,G#2,left
10.796394,51.913087,0.383777,0.377953,G#1,left
10.829056,932.327523,0.571583,0.480315,A#5,right
10.989099,103.826174,0.223734,0.377953,G#2,left
11.180171,51.913087,0.344583,0.409449,G#1,left
11.369611,103.826174,0.155144,0.425197,G#2,left
0.027763,46.249303,0.191072,0.417323,F#1,left
0.027763,369.994423,0.063691,0.464567,F#4,right
0.218835,92.498606,0.191072,0.425197,F#2,left
0.218835,466.163762,0.927598,0.488189,A#4,right
0.409907,46.249303,0.192705,0.401575,F#1,left
0.409907,554.365262,1.252584,0.488189,C#5,right
0.569950,739.988845,0.545454,0.480315,F#5,right
0.602612,92.498606,1.094174,0.440945,F#2,left
0.762656,932.327523,0.705497,0.496063,A#5,right
0.793684,46.249303,0.609145,0.393701,F#1,left
0.921066,1108.730524,0.971692,0.496063,C#6,right
1.115404,739.988845,0.808382,0.511811,F#5,right
1.115404,1479.977691,0.287425,0.519685,F#6,right
1.468153,82.406889,0.455634,0.488189,E2,left
1.468153,466.163762,0.259662,0.535433,A#4,right
1.468153,932.327523,0.360914,0.543307,A#5,right
1.629829,622.253967,0.262928,0.496063,D#5,right
1.829067,466.163762,0.759389,0.503937,A#4,right
1.829067,932.327523,0.349482,0.519685,A#5,right
2.178549,164.813778,0.377245,0.535433,E3,left
2.178549,932.327523,0.471965,0.551181,A#5,right
2.212844,82.406889,0.375612,0.519685,E2,left
2.555794,493.883301,0.189439,0.503937,B4,right
2.555794,987.766603,0.723461,0.543307,B5,right
2.712572,466.163762,0.535655,0.535433,A#4,right
2.745233,932.327523,0.439303,0.503937,A#5,right
2.898744,82.406889,0.191072,0.527559,E2,left
2.929773,164.813778,0.349482,0.551181,E3,left
3.089817,82.406889,0.222101,0.480315,E2,left
3.089817,415.304698,0.253130,0.582677,G#4,right
3.248227,466.163762,0.409907,0.527559,A#4,right
3.248227,932.327523,0.378878,0.519685,A#5,right
3.440932,164.813778,0.156777,0.551181,E3,left
3.565047,1174.659072,0.124115,0.527559,D6,right
3.627105,622.253967,0.378878,0.519685,D#5,right
3.814911,82.406889,0.385411,0.519685,E2,left
3.814911,164.813778,0.352749,0.543307,E3,left
3.974954,415.304698,0.416439,0.582677,G#4,right
4.133365,155.563492,0.194338,0.511811,D#3,left
4.358732,311.126984,0.158410,0.543307,D#4,right
4.517142,82.406889,0.225367,0.488189,E2,left
4.517142,311.126984,0.225367,0.535433,D#4,right
4.711480,415.304698,0.217202,0.559055,G#4,right
4.868258,466.163762,0.197605,0.519685,A#4,right
4.868258,932.327523,0.091453,0.511811,A#5,right
5.008704,622.253967,0.192705,0.535433,D#5,right
5.029934,82.406889,0.084921,0.527559,E2,left
5.029934,164.813778,0.084921,0.543307,E3,left
5.114855,82.406889,0.205770,0.480315,E2,left
5.114855,164.813778,0.145345,0.496063,E3,left
5.114855,1661.218790,0.145345,0.566929,G#6,right
5.230805,1864.655046,0.184540,0.559055,A#6,right
5.260200,932.327523,0.093086,0.527559,A#5,right
5.415345,622.253967,0.383777,0.511811,D#5,right
5.446373,1244.507935,0.032662,0.551181,D#6,right
5.608050,164.813778,0.191072,0.551181,E3,left
5.639079,82.406889,0.127381,0.511811,E2,left
5.766460,82.406889,0.259662,0.511811,E2,left
5.766460,1661.218790,0.259662,0.559055,G#6,right
5.799122,164.813778,0.160043,0.519685,E3,left
5.959165,932.327523,0.099619,0.527559,A#5,right
5.959165,1864.655046,0.418072,0.551181,A#6,right
6.191065,164.813778,0.145345,0.543307,E3,left
6.336410,1244.507935,0.135547,0.582677,D#6,right
6.336410,2489.015870,0.084921,0.582677,D#7,right
6.618936,61.735413,0.222101,0.519685,B1,left
6.618936,123.470825,0.258029,0.511811,B2,left
6.841037,61.735413,0.395209,0.464567,B1,left
6.876965,123.470825,0.422972,0.464567,B2,left
6.876965,622.253967,0.102885,0.519685,D#5,right
7.203584,932.327523,0.383777,0.551181,A#5,right
7.203584,1864.655046,0.352749,0.566929,A#6,right
7.236246,82.406889,0.161676,0.511811,E2,left
7.397922,82.406889,0.311921,0.488189,E2,left
7.397922,1244.507935,0.282526,0.543307,D#6,right
7.556333,1864.655046,0.375612,0.566929,A#6,right
7.587361,932.327523,0.344583,0.559055,A#5,right
7.618390,246.941651,0.187806,0.496063,B3,left
7.931945,82.406889,0.382144,0.519685,E2,left
7.931945,932.327523,0.414806,0.543307,A#5,right
7.931945,1864.655046,0.414806,0.559055,A#6,right
8.121384,164.813778,0.225367,0.519685,E3,left
8.283060,246.941651,0.285792,0.535433,B3,left
8.283060,1975.533205,0.127381,0.582677,B6,right
8.314089,155.563492,0.191072,0.488189,D#3,left
8.314089,207.652349,0.287425,0.519685,G#3,left
8.314089,987.766603,0.191072,0.566929,B5,right
8.474132,932.327523,0.127381,0.543307,A#5,right
8.474132,1864.655046,0.187806,0.566929,A#6,right
8.661938,82.406889,0.124115,0.519685,E2,left
8.661938,164.813778,0.124115,0.543307,E3,left
8.786054,82.406889,0.117583,0.496063,E2,left
8.786054,1661.218790,0.048993,0.559055,G#6,right
8.804018,164.813778,0.062058,0.519685,E3,left
8.866075,1864.655046,0.084921,0.551181,A#6,right
8.884039,932.327523,0.066957,0.527559,A#5,right
9.035917,164.813778,0.155144,0.543307,E3,left
9.127370,2349.318143,0.097986,0.566929,D7,right
9.191061,1244.507935,0.782253,0.566929,D#6,right
9.191061,2489.015870,0.132281,0.582677,D#7,right
9.388666,164.813778,0.176374,0.543307,E3,left
9.422961,82.406889,0.142079,0.511811,E2,left
9.565040,82.406889,0.318454,0.496063,E2,left
9.565040,1661.218790,0.318454,0.551181,G#6,right
9.604234,164.813778,0.231900,0.519685,E3,left
9.836134,155.563492,0.289058,0.496063,D#3,left
10.125192,103.826174,0.262928,0.527559,G#2,left
10.291768,622.253967,0.063691,0.496063,D#5,right
10.451811,155.563492,0.284159,0.511811,D#3,left
10.451811,207.652349,1.084375,0.519685,G#3,left
10.451811,246.941651,0.284159,0.519685,B3,left
10.642883,932.327523,0.093086,0.511811,A#5,right
10.832322,103.826174,0.390310,0.527559,G#2,left
10.997265,830.609395,0.413173,0.496063,G#5,right
11.158941,246.941651,0.284159,0.527559,B3,left
11.158941,932.327523,0.187806,0.535433,A#5,right
11.346747,622.253967,0.222101,0.511811,D#5,right
0.039194,92.498606,0.127381,0.551181,F#2,left
0.039194,739.988845,0.664670,0.543307,F#5,right
0.199238,932.327523,0.409907,0.503937,A#5,right
0.360914,1244.507935,0.406641,0.559055,D#6,right
0.391943,138.591315,0.249864,0.535433,C#3,left
0.547087,622.253967,0.378878,0.503937,D#5,right
0.579749,415.304698,0.346216,0.519685,G#4,right
0.736526,92.498606,0.125748,0.551181,F#2,left
0.925965,415.304698,0.223734,0.488189,G#4,right
0.925965,622.253967,1.985844,0.488189,D#5,right
1.149699,415.304698,0.127381,0.496063,G#4,right
1.277081,415.304698,0.194338,0.519685,G#4,right
1.471419,82.406889,0.031029,0.590551,E2,left
1.471419,164.813778,0.447468,0.622047,E3,left
1.471419,415.304698,0.349482,0.614173,G#4,right
1.820901,155.563492,0.256396,0.543307,D#3,left
1.820901,207.652349,0.609145,0.559055,G#3,left
1.820901,415.304698,1.458354,0.606299,G#4,right
2.173650,82.406889,0.223734,0.535433,E2,left
2.524766,207.652349,0.161676,0.551181,G#3,left
2.557427,155.563492,0.161676,0.543307,D#3,left
2.557427,311.126984,0.031029,0.574803,D#4,right
2.719104,82.406889,0.393576,0.543307,E2,left
2.911809,311.126984,0.627109,0.566929,D#4,right
2.911809,622.253967,0.627109,0.543307,D#5,right
3.112680,82.406889,0.231900,0.535433,E2,left
3.248227,932.327523,0.192705,0.574803,A#5,right
3.440932,932.327523,0.378878,0.543307,A#5,right
3.602609,1244.507935,0.155144,0.574803,D#6,right
3.633637,82.406889,0.215569,0.535433,E2,left
3.663033,830.609395,1.311376,0.559055,G#5,right
3.695695,1108.730524,0.249864,0.527559,C#6,right
3.757753,1244.507935,0.767555,0.559055,D#6,right
3.945559,207.652349,0.744692,0.566929,G#3,left
3.978221,155.563492,0.416439,0.559055,D#3,left
3.978221,246.941651,0.416439,0.566929,B3,left
4.361998,103.826174,0.391943,0.574803,G#2,left
4.361998,932.327523,0.360914,0.551181,A#5,right
4.690250,207.652349,0.344583,0.559055,G#3,left
4.690250,246.941651,0.284159,0.566929,B3,left
4.722912,155.563492,0.282526,0.543307,D#3,left
4.881322,466.163762,0.153511,0.574803,A#4,right
4.881322,932.327523,0.249864,0.559055,A#5,right
5.034833,103.826174,0.476864,0.559055,G#2,left
5.034833,987.766603,0.380511,0.598425,B5,right
5.067495,493.883301,0.187806,0.574803,B4,right
5.255301,466.163762,0.352749,0.574803,A#4,right
5.255301,932.327523,0.352749,0.559055,A#5,right
5.415345,207.652349,0.256396,0.582677,G#3,left
5.415345,246.941651,0.192705,0.574803,B3,left
5.415345,987.766603,0.414806,0.590551,B5,right
5.608050,103.826174,0.222101,0.559055,G#2,left
5.608050,466.163762,0.222101,0.566929,A#4,right
5.608050,932.327523,0.352749,0.566929,A#5,right
5.799122,311.126984,0.576483,0.566929,D#4,right
5.960798,92.498606,0.383777,0.574803,F#2,left
6.119209,233.081881,0.289058,0.590551,A#3,left
6.151871,138.591315,0.287425,0.535433,C#3,left
6.151871,184.997211,0.320087,0.535433,F#3,left
6.311914,622.253967,0.638540,0.535433,D#5,right
6.728353,415.304698,0.734893,0.606299,G#4,right
6.855735,184.997211,0.416439,0.551181,F#3,left
6.855735,233.081881,0.383777,0.574803,A#3,left
7.046807,739.988845,0.609145,0.551181,F#5,right
7.208483,82.406889,0.222101,0.574803,E2,left
7.208483,622.253967,0.478497,0.551181,D#5,right
7.239512,164.813778,0.383777,0.590551,E3,left
7.399556,554.365262,0.352749,0.543307,C#5,right
7.592261,69.295658,0.094720,0.590551,C#2,left
7.752304,554.365262,0.200871,0.566929,C#5,right
7.752304,1108.730524,0.267828,0.566929,C#6,right
7.904182,73.416192,0.130648,0.551181,D2,left
7.904182,1244.507935,0.146979,0.590551,D#6,right
7.930312,622.253967,0.120849,0.566929,D#5,right
8.020132,554.365262,0.117583,0.566929,C#5,right
8.020132,1108.730524,0.117583,0.551181,C#6,right
8.137715,77.781746,0.150245,0.551181,D#2,left
8.137715,622.253967,0.341317,0.574803,D#5,right
8.137715,1244.507935,0.341317,0.582677,D#6,right
8.287959,77.781746,0.259662,0.519685,D#2,left
8.287959,554.365262,0.225367,0.590551,C#5,right
8.287959,1108.730524,0.225367,0.582677,C#6,right
8.479032,622.253967,0.592814,0.559055,D#5,right
8.479032,1244.507935,0.547087,0.590551,D#6,right
8.697866,164.813778,0.684267,0.598425,E3,left
8.933032,82.406889,0.387044,0.503937,E2,left
8.933032,1108.730524,0.354382,0.574803,C#6,right
8.982025,554.365262,0.594447,0.574803,C#5,right
9.187795,1244.507935,0.669569,0.566929,D#6,right
9.287414,1108.730524,0.094720,0.551181,C#6,right
9.382133,164.813778,0.414806,0.598425,E3,left
9.382133,1108.730524,0.726727,0.511811,C#6,right
9.733249,155.563492,0.471965,0.543307,D#3,left
9.733249,207.652349,1.081109,0.559055,G#3,left
9.765911,554.365262,0.695699,0.566929,C#5,right
10.077832,103.826174,0.447468,0.582677,G#2,left
10.430581,369.994423,0.478497,0.559055,F#4,right
10.461609,155.563492,0.352749,0.527559,D#3,left
10.461609,246.941651,0.256396,0.566929,B3,left
10.461609,554.365262,0.416439,0.582677,C#5,right
10.814358,103.826174,0.354382,0.574803,G#2,left
10.814358,207.652349,0.646706,0.590551,G#3,left
11.136078,932.327523,0.194338,0.582677,A#5,right
11.168740,155.563492,0.359281,0.559055,D#3,left
11.168740,246.941651,0.328252,0.551181,B3,left
0.031029,92.498606,0.191072,0.614173,F#2,left
0.383777,92.498606,1.219922,0.598425,F#2,left
0.383777,622.253967,0.765922,0.574803,D#5,right
0.383777,739.988845,1.448556,0.559055,F#5,right
0.383777,1244.507935,0.669569,0.590551,D#6,right
0.574850,116.540940,1.061512,0.527559,A#2,left
0.765922,138.591315,0.738159,0.559055,C#3,left
0.927598,184.997211,0.576483,0.527559,F#3,left
0.927598,466.163762,0.189439,0.566929,A#4,right
1.117037,233.081881,0.130648,0.590551,A#3,left
1.117037,466.163762,0.486662,0.566929,A#4,right
1.278714,155.563492,0.225367,0.543307,D#3,left
1.440390,932.327523,0.391943,0.574803,A#5,right
1.471419,82.406889,0.360914,0.559055,E2,left
1.471419,164.813778,0.391943,0.590551,E3,left
1.832333,207.652349,0.352749,0.566929,G#3,left
1.832333,932.327523,0.256396,0.566929,A#5,right
1.863362,246.941651,0.289058,0.535433,B3,left
2.185082,82.406889,0.383777,0.543307,E2,left
2.185082,466.163762,0.478497,0.574803,A#4,right
2.185082,932.327523,0.447468,0.582677,A#5,right
2.536197,207.652349,0.574850,0.574803,G#3,left
2.536197,246.941651,0.191072,0.559055,B3,left
2.536197,415.304698,0.383777,0.614173,G#4,right
2.568859,155.563492,0.158410,0.535433,D#3,left
2.727269,82.406889,0.383777,0.543307,E2,left
2.919975,415.304698,0.697332,0.590551,G#4,right
3.111047,82.406889,0.194338,0.559055,E2,left
3.241694,932.327523,0.279259,0.574803,A#5,right
3.617306,82.406889,0.316821,0.511811,E2,left
3.617306,739.988845,0.798584,0.566929,F#5,right
3.617306,1244.507935,0.798584,0.559055,D#6,right
3.617306,1479.977691,0.125748,0.566929,F#6,right
3.710393,1318.510228,0.254763,0.551181,E6,right
3.743055,1479.977691,0.703864,0.543307,F#6,right
3.965156,155.563492,0.514425,0.551181,D#3,left
3.965156,207.652349,0.736526,0.582677,G#3,left
3.999451,246.941651,0.383777,0.559055,B3,left
4.348933,103.826174,0.385411,0.582677,G#2,left
4.348933,622.253967,0.609145,0.582677,D#5,right
4.348933,932.327523,0.545454,0.566929,A#5,right
4.701682,155.563492,0.352749,0.535433,D#3,left
4.701682,207.652349,0.320087,0.566929,G#3,left
4.701682,246.941651,0.256396,0.566929,B3,left
4.894387,466.163762,0.127381,0.574803,A#4,right
4.894387,932.327523,0.223734,0.566929,A#5,right
5.054430,103.826174,0.545454,0.574803,G#2,left
5.054430,987.766603,0.383777,0.590551,B5,right
5.085459,493.883301,0.447468,0.566929,B4,right
5.247136,466.163762,0.352749,0.574803,A#4,right
5.247136,932.327523,0.285792,0.559055,A#5,right
5.407179,207.652349,0.192705,0.582677,G#3,left
5.407179,246.941651,0.158410,0.582677,B3,left
5.438208,155.563492,0.383777,0.503937,D#3,left
5.438208,987.766603,0.447468,0.574803,B5,right
5.599884,103.826174,0.254763,0.559055,G#2,left
5.599884,466.163762,0.191072,0.574803,A#4,right
5.599884,932.327523,0.191072,0.559055,A#5,right
5.790956,466.163762,0.351116,0.551181,A#4,right
5.790956,932.327523,0.351116,0.551181,A#5,right
5.949367,92.498606,0.320087,0.590551,F#2,left
6.142072,466.163762,1.081109,0.590551,A#4,right
6.142072,932.327523,1.174196,0.582677,A#5,right
6.685893,830.609395,1.149699,0.543307,G#5,right
6.847569,233.081881,0.408274,0.582677,A#3,left
7.035375,1244.507935,0.765922,0.590551,D#6,right
7.223181,82.406889,0.351116,0.574803,E2,left
7.223181,164.813778,0.416439,0.606299,E3,left
7.574297,155.563492,0.391943,0.559055,D#3,left
7.574297,207.652349,0.424605,0.566929,G#3,left
7.606959,246.941651,0.391943,0.543307,B3,left
7.735973,739.988845,0.390310,0.559055,F#5,right
7.931945,82.406889,0.452367,0.551181,E2,left
8.126283,739.988845,0.352749,0.566929,F#5,right
8.286326,155.563492,0.192705,0.543307,D#3,left
8.286326,207.652349,0.225367,0.566929,G#3,left
8.317355,246.941651,0.130648,0.551181,B3,left
8.479032,82.406889,0.383777,0.551181,E2,left
8.479032,739.988845,0.607512,0.551181,F#5,right
8.670104,830.609395,0.703864,0.551181,G#5,right
8.862809,82.406889,0.287425,0.559055,E2,left
9.022852,155.563492,0.320087,0.566929,D#3,left
9.086543,1244.507935,0.192705,0.559055,D#6,right
9.182896,1108.730524,0.191072,0.519685,C#6,right
9.279248,1244.507935,0.543821,0.566929,D#6,right
9.373968,82.406889,0.225367,0.543307,E2,left
9.373968,830.609395,1.110505,0.551181,G#5,right
9.373968,1108.730524,0.258029,0.527559,C#6,right
9.726717,155.563492,0.726727,0.551181,D#3,left
9.726717,207.652349,1.670657,0.559055,G#3,left
9.759378,246.941651,0.375612,0.543307,B3,left
9.759378,554.365262,1.077843,0.566929,C#5,right
10.072933,103.826174,0.507893,0.582677,G#2,left
10.102328,415.304698,0.351116,0.622047,G#4,right
10.453444,155.563492,0.418072,0.527559,D#3,left
10.453444,246.941651,0.254763,0.543307,B3,left
10.453444,415.304698,0.352749,0.590551,G#4,right
10.806193,103.826174,0.591181,0.551181,G#2,left
10.806193,415.304698,1.009253,0.582677,G#4,right
10.837221,554.365262,0.362547,0.551181,C#5,right
11.163841,155.563492,0.493195,0.566929,D#3,left
11.199769,554.365262,1.927053,0.566929,C#5,right
0.031029,932.327523,0.223734,0.590551,A#5,right
0.031029,1108.730524,0.256396,0.566929,C#6,right
0.062058,92.498606,0.320087,0.551181,F#2,left
0.062058,739.988845,0.352749,0.511811,F#5,right
0.382144,92.498606,1.183994,0.543307,F#2,left
0.382144,932.327523,1.152965,0.582677,A#5,right
0.382144,1108.730524,1.152965,0.574803,C#6,right
0.414806,739.988845,1.183994,0.519685,F#5,right
1.087642,987.766603,2.353291,0.559055,B5,right
1.118670,622.253967,0.480130,0.551181,D#5,right
1.118670,830.609395,0.960260,0.551181,G#5,right
1.471419,41.203445,0.447468,0.551181,E1,left
1.504081,82.406889,0.351116,0.551181,E2,left
1.824168,155.563492,0.287425,0.551181,D#3,left
1.824168,207.652349,0.382144,0.574803,G#3,left
1.824168,246.941651,0.287425,0.559055,B3,left
2.206312,82.406889,0.375612,0.566929,E2,left
2.550895,155.563492,0.127381,0.559055,D#3,left
2.550895,207.652349,0.191072,0.566929,G#3,left
2.581924,246.941651,0.096353,0.551181,B3,left
2.741967,82.406889,0.351116,0.559055,E2,left
3.093083,82.406889,0.256396,0.519685,E2,left
3.125745,415.304698,0.470331,0.598425,G#4,right
3.253126,932.327523,0.249864,0.574803,A#5,right
3.565047,1174.659072,0.093086,0.559055,D6,right
3.596076,82.406889,0.287425,0.527559,E2,left
3.596076,622.253967,0.943929,0.559055,D#5,right
3.947192,932.327523,0.393576,0.582677,A#5,right
3.979854,155.563492,0.426238,0.551181,D#3,left
3.979854,207.652349,1.076210,0.559055,G#3,left
3.979854,246.941651,0.458900,0.551181,B3,left
4.340768,103.826174,0.426238,0.582677,G#2,left
4.340768,466.163762,0.231900,0.574803,A#4,right
4.340768,932.327523,0.362547,0.566929,A#5,right
4.540005,622.253967,0.994555,0.551181,D#5,right
4.703315,246.941651,0.320087,0.543307,B3,left
4.703315,466.163762,0.352749,0.582677,A#4,right
4.703315,932.327523,0.352749,0.566929,A#5,right
4.734344,155.563492,0.385411,0.535433,D#3,left
5.056064,103.826174,0.447468,0.574803,G#2,left
5.056064,466.163762,0.540555,0.574803,A#4,right
5.056064,932.327523,0.540555,0.566929,A#5,right
5.407179,207.652349,0.253130,0.590551,G#3,left
5.439841,155.563492,0.253130,0.527559,D#3,left
5.439841,246.941651,0.156777,0.574803,B3,left
5.470870,493.883301,0.063691,0.559055,B4,right
5.470870,987.766603,0.315187,0.566929,B5,right
5.596618,103.826174,0.220468,0.559055,G#2,left
5.596618,466.163762,0.220468,0.574803,A#4,right
5.596618,932.327523,0.189439,0.559055,A#5,right
5.941201,92.498606,0.357648,0.574803,F#2,left
5.972230,415.304698,0.326619,0.606299,G#4,right
6.135540,138.591315,0.326619,0.543307,C#3,left
6.135540,466.163762,0.391943,0.598425,A#4,right
6.135540,932.327523,0.360914,0.590551,A#5,right
6.462159,1174.659072,0.225367,0.582677,D6,right
6.496454,92.498606,0.254763,0.566929,F#2,left
6.496454,1244.507935,0.734893,0.606299,D#6,right
6.845936,138.591315,0.416439,0.551181,C#3,left
6.845936,1479.977691,0.481763,0.598425,F#6,right
6.878598,739.988845,0.418072,0.566929,F#5,right
7.198685,932.327523,0.383777,0.598425,A#5,right
7.231347,82.406889,0.223734,0.566929,E2,left
7.231347,164.813778,0.383777,0.582677,E3,left
7.424052,622.253967,0.222101,0.535433,D#5,right
7.582462,69.295658,0.352749,0.590551,C#2,left
7.582462,932.327523,0.352749,0.582677,A#5,right
7.902549,73.416192,0.289058,0.559055,D2,left
7.935211,932.327523,0.532389,0.590551,A#5,right
8.286326,77.781746,0.181274,0.574803,D#2,left
8.286326,987.766603,0.427871,0.574803,B5,right
8.315722,493.883301,0.213936,0.566929,B4,right
8.467600,77.781746,0.246597,0.527559,D#2,left
8.467600,155.563492,0.213936,0.543307,D#3,left
8.467600,466.163762,0.213936,0.574803,A#4,right
8.467600,932.327523,0.213936,0.574803,A#5,right
8.838313,82.406889,0.160043,0.574803,E2,left
8.838313,164.813778,0.191072,0.606299,E3,left
8.998356,82.406889,0.357648,0.511811,E2,left
8.998356,466.163762,0.454001,0.582677,A#4,right
8.998356,932.327523,0.548720,0.582677,A#5,right
9.324975,1174.659072,0.031029,0.535433,D6,right
9.356004,82.406889,0.383777,0.551181,E2,left
9.356004,164.813778,0.383777,0.582677,E3,left
9.356004,622.253967,0.934131,0.551181,D#5,right
9.708752,207.652349,1.169296,0.574803,G#3,left
9.739781,155.563492,0.354382,0.543307,D#3,left
9.739781,246.941651,0.387044,0.551181,B3,left
9.739781,415.304698,0.681001,0.606299,G#4,right
10.059868,932.327523,0.391943,0.574803,A#5,right
10.094163,103.826174,0.426238,0.590551,G#2,left
10.094163,466.163762,0.195971,0.582677,A#4,right
10.290134,622.253967,0.458900,0.551181,D#5,right
10.451811,246.941651,0.360914,0.559055,B3,left
10.451811,466.163762,0.395209,0.582677,A#4,right
10.451811,932.327523,0.360914,0.566929,A#5,right
10.781696,1108.730524,0.769188,0.559055,C#6,right
10.812725,103.826174,0.418072,0.559055,G#2,left
10.812725,932.327523,0.610778,0.527559,A#5,right
10.847020,739.988845,0.927598,0.551181,F#5,right
11.167107,155.563492,0.289058,0.543307,D#3,left
11.167107,207.652349,0.416439,0.559055,G#3,left
11.167107,246.941651,0.289058,0.566929,B3,left
0.053892,92.498606,0.161676,0.606299,F#2,left
0.246597,622.253967,0.310288,0.551181,D#5,right
0.370713,92.498606,1.177462,0.614173,F#2,left
0.401741,932.327523,0.347849,0.590551,A#5,right
0.556886,622.253967,0.387044,0.559055,D#5,right
0.591181,116.540940,0.925965,0.543307,A#2,left
0.749591,138.591315,0.734893,0.551181,C#3,left
0.749591,466.163762,0.359281,0.590551,A#4,right
0.749591,932.327523,0.359281,0.582677,A#5,right
0.943929,622.253967,0.351116,0.535433,D#5,right
1.108872,466.163762,0.502993,0.598425,A#4,right
1.108872,932.327523,0.346216,0.582677,A#5,right
1.295045,155.563492,0.189439,0.543307,D#3,left
1.295045,622.253967,0.380511,0.566929,D#5,right
1.295045,1244.507935,0.032662,0.582677,D#6,right
1.455088,164.813778,0.382144,0.574803,E3,left
1.455088,932.327523,0.351116,0.582677,A#5,right
1.484484,82.406889,0.352749,0.551181,E2,left
1.675556,622.253967,0.447468,0.543307,D#5,right
1.806204,932.327523,0.285792,0.582677,A#5,right
1.837232,207.652349,0.318454,0.559055,G#3,left
2.189981,82.406889,0.447468,0.543307,E2,left
2.189981,466.163762,0.542188,0.566929,A#4,right
2.189981,932.327523,0.542188,0.574803,A#5,right
2.539463,155.563492,0.225367,0.543307,D#3,left
2.539463,207.652349,0.161676,0.574803,G#3,left
2.539463,246.941651,0.161676,0.574803,B3,left
2.539463,987.766603,0.929231,0.582677,B5,right
2.732169,82.406889,0.352749,0.535433,E2,left
2.732169,466.163762,0.543821,0.566929,A#4,right
2.732169,932.327523,0.512792,0.582677,A#5,right
3.084917,82.406889,0.254763,0.527559,E2,left
3.084917,830.609395,0.837778,0.551181,G#5,right
3.244961,932.327523,0.256396,0.574803,A#5,right
3.275989,207.652349,0.352749,0.551181,G#3,left
3.275989,466.163762,0.320087,0.574803,A#4,right
3.596076,1244.507935,0.810015,0.559055,D#6,right
3.596076,1479.977691,0.163310,0.574803,F#6,right
3.628738,82.406889,0.328252,0.519685,E2,left
3.628738,739.988845,0.777353,0.559055,F#5,right
3.694062,1318.510228,0.359281,0.551181,E6,right
3.759386,1479.977691,0.774087,0.551181,F#6,right
3.988019,155.563492,0.450734,0.559055,D#3,left
3.988019,207.652349,0.707130,0.574803,G#3,left
3.988019,246.941651,0.387044,0.574803,B3,left
4.342401,103.826174,0.416439,0.590551,G#2,left
4.342401,466.163762,0.543821,0.582677,A#4,right
4.342401,932.327523,0.511159,0.574803,A#5,right
4.375063,622.253967,0.605878,0.574803,D#5,right
4.695149,207.652349,0.351116,0.559055,G#3,left
4.695149,246.941651,0.285792,0.566929,B3,left
4.726178,155.563492,0.349482,0.527559,D#3,left
4.886222,466.163762,0.189439,0.574803,A#4,right
4.886222,932.327523,0.280892,0.566929,A#5,right
5.046265,987.766603,0.375612,0.598425,B5,right
5.075661,103.826174,0.440936,0.559055,G#2,left
5.075661,493.883301,0.248231,0.574803,B4,right
5.229172,466.163762,0.383777,0.574803,A#4,right
5.229172,932.327523,0.287425,0.559055,A#5,right
5.421877,207.652349,0.222101,0.574803,G#3,left
5.421877,246.941651,0.158410,0.574803,B3,left
5.421877,987.766603,0.511159,0.582677,B5,right
5.612949,103.826174,0.223734,0.559055,G#2,left
5.612949,466.163762,0.158410,0.566929,A#4,right
5.612949,932.327523,0.158410,0.559055,A#5,right
5.771359,466.163762,0.352749,0.551181,A#4,right
5.771359,932.327523,0.352749,0.559055,A#5,right
5.996727,92.498606,0.256396,0.590551,F#2,left
6.124108,466.163762,0.445835,0.582677,A#4,right
6.124108,932.327523,0.414806,0.582677,A#5,right
6.155137,138.591315,0.352749,0.527559,C#3,left
6.475223,1244.507935,1.162764,0.582677,D#6,right
6.507885,92.498606,0.218835,0.559055,F#2,left
6.538914,1108.730524,0.729994,0.551181,C#6,right
6.852469,184.997211,0.416439,0.559055,F#3,left
6.852469,233.081881,0.383777,0.582677,A#3,left
7.203584,932.327523,0.369080,0.590551,A#5,right
7.236246,82.406889,0.369080,0.551181,E2,left
7.236246,164.813778,0.369080,0.574803,E3,left
7.406088,622.253967,0.457267,0.527559,D#5,right
7.572664,207.652349,0.354382,0.566929,G#3,left
7.572664,932.327523,0.258029,0.574803,A#5,right
7.605326,246.941651,0.289058,0.543307,B3,left
7.605326,466.163762,0.194338,0.559055,A#4,right
7.927045,82.406889,0.447468,0.543307,E2,left
7.927045,932.327523,0.542188,0.574803,A#5,right
7.958074,466.163762,0.447468,0.566929,A#4,right
8.279794,207.652349,0.222101,0.574803,G#3,left
8.279794,987.766603,0.916167,0.590551,B5,right
8.310823,155.563492,0.191072,0.535433,D#3,left
8.310823,246.941651,0.158410,0.566929,B3,left
8.469233,82.406889,0.382144,0.543307,E2,left
8.469233,466.163762,0.537288,0.566929,A#4,right
8.469233,932.327523,0.537288,0.590551,A#5,right
8.851377,82.406889,0.218835,0.535433,E2,left
8.851377,830.609395,1.592268,0.543307,G#5,right
9.006521,466.163762,0.349482,0.574803,A#4,right
9.006521,932.327523,0.253130,0.566929,A#5,right
9.356004,1244.507935,1.120303,0.574803,D#6,right
9.356004,1661.218790,0.832879,0.582677,G#6,right
9.390299,82.406889,0.253130,0.488189,E2,left
9.421328,1479.977691,0.638540,0.543307,F#6,right
9.739781,155.563492,0.449101,0.543307,D#3,left
9.739781,207.652349,0.703864,0.566929,G#3,left
9.770810,246.941651,0.385411,0.543307,B3,left
10.285235,622.253967,0.511159,0.543307,D#5,right
10.443645,155.563492,0.416439,0.535433,D#3,left
10.443645,207.652349,0.352749,0.559055,G#3,left
10.443645,246.941651,0.289058,0.551181,B3,left
10.443645,830.609395,0.385411,0.543307,G#5,right
10.637984,932.327523,0.094720,0.559055,A#5,right
10.796394,622.253967,0.574850,0.551181,D#5,right
10.829056,51.913087,0.576483,0.519685,G#1,left
10.829056,103.826174,0.542188,0.559055,G#2,left
10.989099,830.609395,0.447468,0.535433,G#5,right
11.149143,932.327523,0.191072,0.551181,A#5,right
11.180171,155.563492,0.256396,0.527559,D#3,left
11.180171,207.652349,0.289058,0.551181,G#3,left
11.180171,246.941651,0.256396,0.543307,B3,left
11.371244,622.253967,0.320087,0.543307,D#5,right
0.035928,46.249303,0.222101,0.519685,F#1,left
0.035928,92.498606,0.256396,0.582677,F#2,left
0.035928,739.988845,0.222101,0.566929,F#5,right
0.194338,932.327523,0.385411,0.559055,A#5,right
0.388677,92.498606,0.351116,0.559055,F#2,left
0.388677,622.253967,0.542188,0.551181,D#5,right
0.419706,46.249303,0.160043,0.511811,F#1,left
0.547087,739.988845,1.412628,0.559055,F#5,right
0.579749,46.249303,0.894936,0.480315,F#1,left
0.739792,92.498606,0.352749,0.543307,F#2,left
0.739792,932.327523,0.991289,0.559055,A#5,right
0.930864,622.253967,0.578116,0.527559,D#5,right
1.092541,92.498606,0.447468,0.535433,F#2,left
1.125203,415.304698,0.414806,0.598425,G#4,right
1.474685,41.203445,0.097986,0.559055,E1,left
1.474685,82.406889,0.385411,0.559055,E2,left
1.474685,554.365262,0.385411,0.598425,C#5,right
1.474685,1108.730524,0.583015,0.574803,C#6,right
1.829067,155.563492,0.293957,0.559055,D#3,left
1.829067,207.652349,0.326619,0.574803,G#3,left
1.860096,554.365262,0.262928,0.574803,C#5,right
2.188348,82.406889,0.321720,0.566929,E2,left
2.188348,1108.730524,0.416439,0.582677,C#6,right
2.221010,554.365262,0.351116,0.574803,C#5,right
2.541097,207.652349,0.161676,0.574803,G#3,left
2.541097,622.253967,0.161676,0.590551,D#5,right
2.541097,1244.507935,0.289058,0.590551,D#6,right
2.572125,155.563492,0.161676,0.527559,D#3,left
2.733802,82.406889,0.344583,0.535433,E2,left
2.733802,466.163762,0.160043,0.559055,A#4,right
2.733802,932.327523,0.534022,0.582677,A#5,right
3.078385,82.406889,0.316821,0.527559,E2,left
3.078385,830.609395,0.380511,0.551181,G#5,right
3.267824,155.563492,0.320087,0.551181,D#3,left
3.267824,207.652349,0.352749,0.559055,G#3,left
3.267824,932.327523,0.225367,0.551181,A#5,right
3.458896,830.609395,0.097986,0.543307,G#5,right
3.620573,82.406889,0.385411,0.551181,E2,left
3.811645,415.304698,0.520957,0.606299,G#4,right
3.973321,932.327523,0.391943,0.574803,A#5,right
4.005983,155.563492,0.454001,0.543307,D#3,left
4.167660,622.253967,0.164943,0.566929,D#5,right
4.167660,1244.507935,0.228633,0.590551,D#6,right
4.332602,103.826174,0.377245,0.590551,G#2,left
4.332602,1108.730524,0.599346,0.566929,C#6,right
4.709847,155.563492,0.382144,0.566929,D#3,left
4.709847,246.941651,0.253130,0.574803,B3,left
4.742509,554.365262,0.189439,0.574803,C#5,right
5.026668,103.826174,0.481763,0.582677,G#2,left
5.026668,1108.730524,0.447468,0.566929,C#6,right
5.091992,554.365262,0.351116,0.574803,C#5,right
5.410445,155.563492,0.225367,0.551181,D#3,left
5.410445,207.652349,0.256396,0.559055,G#3,left
5.410445,246.941651,0.194338,0.559055,B3,left
5.410445,1479.977691,0.194338,0.582677,F#6,right
5.604784,103.826174,0.189439,0.559055,G#2,left
5.955899,92.498606,0.316821,0.582677,F#2,left
5.988561,415.304698,0.253130,0.598425,G#4,right
6.146971,138.591315,0.251497,0.543307,C#3,left
6.146971,466.163762,0.375612,0.566929,A#4,right
6.491554,92.498606,0.254763,0.574803,F#2,left
6.491554,622.253967,0.765922,0.543307,D#5,right
6.842670,138.591315,0.383777,0.535433,C#3,left
6.842670,466.163762,0.414806,0.590551,A#4,right
6.873699,184.997211,0.383777,0.527559,F#3,left
6.873699,233.081881,0.352749,0.566929,A#3,left
6.873699,932.327523,0.127381,0.582677,A#5,right
7.032109,311.126984,0.225367,0.582677,D#4,right
7.226447,82.406889,0.320087,0.574803,E2,left
7.226447,164.813778,0.385411,0.582677,E3,left
7.226447,554.365262,0.873706,0.590551,C#5,right
7.577563,69.295658,0.362547,0.551181,C#2,left
7.611858,138.591315,0.360914,0.566929,C#3,left
7.940110,73.416192,0.191072,0.559055,D2,left
7.940110,293.664768,0.032662,0.582677,D4,right
8.292859,77.781746,0.191072,0.519685,D#2,left
8.292859,155.563492,0.447468,0.566929,D#3,left
8.292859,311.126984,0.191072,0.590551,D#4,right
8.292859,622.253967,0.191072,0.566929,D#5,right
8.483931,77.781746,0.256396,0.511811,D#2,left
8.483931,311.126984,0.289058,0.566929,D#4,right
8.483931,622.253967,0.574850,0.551181,D#5,right
8.835046,164.813778,0.191072,0.606299,E3,left
8.995090,82.406889,0.757756,0.503937,E2,left
9.026119,932.327523,0.032662,0.566929,A#5,right
9.215558,830.609395,0.633641,0.551181,G#5,right
9.370702,164.813778,0.382144,0.590551,E3,left
9.561774,415.304698,0.543821,0.606299,G#4,right
9.721817,207.652349,0.736526,0.559055,G#3,left
9.721817,932.327523,0.127381,0.566929,A#5,right
9.752846,155.563492,0.383777,0.535433,D#3,left
9.752846,246.941651,0.383777,0.543307,B3,left
9.752846,466.163762,0.096353,0.559055,A#4,right
9.914523,622.253967,0.222101,0.566929,D#5,right
9.914523,1244.507935,0.063691,0.590551,D#6,right
10.074566,103.826174,0.414806,0.590551,G#2,left
10.074566,1108.730524,0.351116,0.566929,C#6,right
10.425681,1108.730524,0.352749,0.566929,C#6,right
10.458343,155.563492,0.385411,0.551181,D#3,left
10.458343,207.652349,0.713663,0.559055,G#3,left
10.458343,246.941651,0.287425,0.559055,B3,left
10.489372,554.365262,0.192705,0.566929,C#5,right
10.778430,1108.730524,0.489929,0.566929,C#6,right
10.811092,103.826174,0.457267,0.590551,G#2,left
10.811092,554.365262,0.393576,0.574803,C#5,right
11.139344,1479.977691,0.254763,0.590551,F#6,right
11.172006,155.563492,0.254763,0.559055,D#3,left
11.172006,207.652349,0.354382,0.535433,G#3,left
11.172006,246.941651,0.254763,0.551181,B3,left
11.332049,1244.507935,0.194338,0.590551,D#6,right
11.363078,622.253967,0.129015,0.566929,D#5,right
0.029396,92.498606,0.129015,0.606299,F#2,left
0.191072,1108.730524,0.205770,0.559055,C#6,right
0.223734,554.365262,0.173108,0.574803,C#5,right
0.370713,92.498606,0.743058,0.622047,F#2,left
0.370713,622.253967,0.135547,0.582677,D#5,right
0.481763,116.540940,1.151332,0.519685,A#2,left
0.481763,1975.533205,0.083288,0.614173,B6,right
0.506260,987.766603,0.992922,0.582677,B5,right
0.682634,932.327523,0.785519,0.582677,A#5,right
0.682634,1864.655046,0.127381,0.582677,A#6,right
0.723461,138.591315,0.775720,0.543307,C#3,left
0.917800,184.997211,0.614044,0.527559,F#3,left
1.113771,233.081881,0.385411,0.566929,A#3,left
1.113771,622.253967,0.354382,0.590551,D#5,right
1.113771,1244.507935,0.485029,0.598425,D#6,right
1.275448,155.563492,0.223734,0.551181,D#3,left
1.468153,164.813778,0.359281,0.598425,E3,left
1.468153,932.327523,0.359281,0.582677,A#5,right
1.499182,82.406889,0.295590,0.551181,E2,left
1.664124,622.253967,0.452367,0.543307,D#5,right
1.827434,207.652349,0.385411,0.566929,G#3,left
1.827434,932.327523,0.352749,0.574803,A#5,right
1.860096,466.163762,0.127381,0.566929,A#4,right
2.180182,82.406889,0.447468,0.551181,E2,left
2.180182,932.327523,0.543821,0.582677,A#5,right
2.212844,466.163762,0.447468,0.566929,A#4,right
2.532931,207.652349,0.191072,0.574803,G#3,left
2.532931,987.766603,0.320087,0.582677,B5,right
2.563960,155.563492,0.191072,0.543307,D#3,left
2.563960,246.941651,0.191072,0.566929,B3,left
2.724003,82.406889,0.380511,0.551181,E2,left
2.724003,466.163762,0.821447,0.574803,A#4,right
2.724003,932.327523,0.537288,0.582677,A#5,right
3.104514,82.406889,0.218835,0.535433,E2,left
3.104514,830.609395,0.538922,0.551181,G#5,right
3.261292,932.327523,0.253130,0.574803,A#5,right
3.610774,82.406889,0.480130,0.511811,E2,left
3.610774,739.988845,0.416439,0.566929,F#5,right
3.610774,1244.507935,0.032662,0.559055,D#6,right
3.610774,1479.977691,0.640173,0.574803,F#6,right
3.707127,1318.510228,0.031029,0.551181,E6,right
3.996185,155.563492,0.447468,0.559055,D#3,left
3.996185,207.652349,0.669569,0.559055,G#3,left
3.996185,246.941651,0.380511,0.551181,B3,left
4.059875,1108.730524,0.542188,0.519685,C#6,right
4.154595,987.766603,0.545454,0.566929,B5,right
4.250947,932.327523,0.031029,0.566929,A#5,right
4.345667,103.826174,0.418072,0.582677,G#2,left
4.665754,207.652349,0.393576,0.566929,G#3,left
4.700049,155.563492,0.391943,0.551181,D#3,left
4.700049,246.941651,0.293957,0.566929,B3,left
4.864991,932.327523,0.227000,0.566929,A#5,right
4.897653,466.163762,0.130648,0.574803,A#4,right
5.059330,103.826174,0.449101,0.559055,G#2,left
5.059330,987.766603,0.352749,0.590551,B5,right
5.091992,493.883301,0.192705,0.566929,B4,right
5.253668,466.163762,0.351116,0.574803,A#4,right
5.253668,932.327523,0.222101,0.559055,A#5,right
5.412078,155.563492,0.289058,0.527559,D#3,left
5.412078,207.652349,0.256396,0.582677,G#3,left
5.412078,246.941651,0.225367,0.582677,B3,left
5.412078,987.766603,0.383777,0.582677,B5,right
5.572122,932.327523,0.192705,0.559055,A#5,right
5.604784,103.826174,0.223734,0.559055,G#2,left
5.604784,466.163762,0.191072,0.574803,A#4,right
5.764827,932.327523,0.377245,0.551181,A#5,right
5.795856,466.163762,0.346216,0.551181,A#4,right
5.954266,92.498606,0.280892,0.598425,F#2,left
6.142072,466.163762,0.416439,0.590551,A#4,right
6.142072,932.327523,0.382144,0.582677,A#5,right
6.460526,1244.507935,0.872073,0.582677,D#6,right
6.493188,92.498606,0.227000,0.566929,F#2,left
6.493188,622.253967,0.359281,0.566929,D#5,right
6.493188,830.609395,1.319541,0.543307,G#5,right
6.524216,1108.730524,0.681001,0.559055,C#6,right
6.852469,184.997211,0.449101,0.566929,F#3,left
6.852469,233.081881,0.416439,0.582677,A#3,left
6.852469,932.327523,0.480130,0.574803,A#5,right
6.885130,138.591315,0.352749,0.535433,C#3,left
7.043541,622.253967,0.225367,0.535433,D#5,right
7.205217,82.406889,0.063691,0.582677,E2,left
7.205217,554.365262,0.382144,0.598425,C#5,right
7.205217,1108.730524,0.382144,0.582677,C#6,right
7.237879,164.813778,0.414806,0.590551,E3,left
7.554700,207.652349,0.416439,0.574803,G#3,left
7.587361,155.563492,0.383777,0.559055,D#3,left
7.587361,246.941651,0.383777,0.559055,B3,left
7.587361,554.365262,0.352749,0.582677,C#5,right
7.587361,1108.730524,0.225367,0.566929,C#6,right
7.907448,82.406889,0.418072,0.566929,E2,left
7.907448,1108.730524,0.418072,0.582677,C#6,right
7.940110,554.365262,0.385411,0.582677,C#5,right
8.260197,207.652349,0.230266,0.566929,G#3,left
8.292859,155.563492,0.197605,0.543307,D#3,left
8.292859,622.253967,0.228633,0.582677,D#5,right
8.292859,1244.507935,0.841044,0.582677,D#6,right
8.456168,82.406889,0.390310,0.527559,E2,left
8.490463,466.163762,0.161676,0.566929,A#4,right
8.490463,932.327523,0.516058,0.574803,A#5,right
8.846478,82.406889,0.254763,0.519685,E2,left
8.846478,830.609395,0.351116,0.551181,G#5,right
9.006521,155.563492,0.383777,0.566929,D#3,left
9.006521,207.652349,0.414806,0.566929,G#3,left
9.006521,932.327523,0.256396,0.566929,A#5,right
9.197594,830.609395,0.129015,0.543307,G#5,right
9.357637,82.406889,0.258029,0.559055,E2,left
9.581371,415.304698,0.672835,0.606299,G#4,right
9.710386,932.327523,0.447468,0.574803,A#5,right
9.743047,155.563492,0.447468,0.559055,D#3,left
9.743047,466.163762,0.414806,0.574803,A#4,right
9.901458,622.253967,0.256396,0.566929,D#5,right
9.901458,1244.507935,0.256396,0.582677,D#6,right
10.094163,103.826174,0.480130,0.590551,G#2,left
10.094163,554.365262,0.385411,0.582677,C#5,right
10.094163,1108.730524,0.352749,0.559055,C#6,right
10.446912,155.563492,0.416439,0.574803,D#3,left
10.446912,1108.730524,0.349482,0.566929,C#6,right
10.479574,207.652349,0.414806,0.559055,G#3,left
10.479574,246.941651,0.253130,0.566929,B3,left
10.479574,554.365262,0.253130,0.582677,C#5,right
10.796394,103.826174,0.609145,0.574803,G#2,left
10.796394,554.365262,0.609145,0.582677,C#5,right
10.796394,1108.730524,0.609145,0.566929,C#6,right
10.830689,51.913087,0.127381,0.527559,G#1,left
11.181805,155.563492,0.256396,0.543307,D#3,left
11.181805,207.652349,0.256396,0.551181,G#3,left
11.181805,246.941651,0.256396,0.551181,B3,left
11.341848,622.253967,0.416439,0.566929,D#5,right
11.341848,1244.507935,0.449101,0.598425,D#6,right
0.035928,46.249303,0.194338,0.519685,F#1,left
0.035928,92.498606,0.289058,0.566929,F#2,left
0.197605,554.365262,0.222101,0.566929,C#5,right
0.197605,1108.730524,0.222101,0.559055,C#6,right
0.388677,92.498606,0.352749,0.574803,F#2,left
0.388677,622.253967,0.728361,0.574803,D#5,right
0.388677,1244.507935,0.728361,0.598425,D#6,right
0.419706,46.249303,0.697332,0.527559,F#1,left
0.581382,987.766603,0.953728,0.598425,B5,right
0.581382,1975.533205,0.063691,0.614173,B6,right
0.741425,92.498606,0.375612,0.519685,F#2,left
0.741425,1864.655046,0.091453,0.590551,A#6,right
0.770821,932.327523,0.636907,0.574803,A#5,right
1.117037,46.249303,0.480130,0.496063,F#1,left
1.117037,92.498606,0.480130,0.543307,F#2,left
1.117037,622.253967,0.387044,0.566929,D#5,right
1.117037,1244.507935,0.509526,0.590551,D#6,right
1.504081,82.406889,0.383777,0.551181,E2,left
1.504081,622.253967,4.456717,0.559055,D#5,right
1.535110,415.304698,4.553070,0.598425,G#4,right
